SAP_CODE,DATE,MATERIAL,UNIT_OF_MEASURE,QUANTITY,DELIVERY_NOTE_N°,SUPPLIER,UNIT_PRICE_USD
46F0A389,2024-07-12,"BANSET, A-102, 144, BANDO POWER KING. RESISTANT STATIC CONDUCTIVE OIL&HEAT",UNIT,3,2024-0001,ELECTRA-NETWORK SUPPLY,34.92
26EF527C,2024-08-27,BELT 5VX1120,UNIT,40,2024-0002,ELECTRA-NETWORK SUPPLY,35.67
DC00F912,2024-08-27,BELT 5V1180,UNIT,22,2024-0002,GENERAL SERVICES & LOGISTICS CO.,84.96
789AADE8,2024-08-27,TERMINAL 4/0,UNIT,189,2024-0002,GENERAL SERVICES & LOGISTICS CO.,13.36
F2C81599,2024-08-29,DISPLAY FOR LOW FREQUENCY VARIATOR YASKAWA MODEL JVOP-182,UNIT,1,2024-0003,ELECTRA-NETWORK SUPPLY,2857.06
A908AC03,2024-09-05,OIL FILTER P/N. 90915-30002 (5123),UNIT,4,2024-0004,ELECTRA-NETWORK SUPPLY,15.48
BEE50B68,2024-09-05,10W30 OIL (FOR DIESEL ENGINES),LITER,48,2024-0004,GENERAL SERVICES & LOGISTICS CO.,15.4
CC5B70F8,2024-09-05,7.5 R16 BLACK EAGLE TIRES,UNIT,8,2024-0004,INDUSTRIAL GLOBAL SOLUTIONS,35.03
F6CE22DB,2024-09-05,24 RM-800 BATTERIES,UNIT,2,2024-0004,INDUSTRIAL GLOBAL SOLUTIONS,315.72
23E95D43,2024-09-06,SAFETY BOOTS SIZE 40,PAIR,2,2024-0005,GENERAL SERVICES & LOGISTICS CO.,34.53
8753DB88,2024-09-06,SAFETY BOOTS SIZE 41,PAIR,3,2024-0005,GENERAL SERVICES & LOGISTICS CO.,34.63
5CB91B3B,2024-09-06,SAFETY BOOTS SIZE 42,PAIR,3,2024-0005,INDUSTRIAL GLOBAL SOLUTIONS,34.45
D730F4DE,2024-09-06,SAFETY BOOTS SIZE 43,PAIR,2,2024-0005,INDUSTRIAL GLOBAL SOLUTIONS,34.35
26EF527C,2024-09-22,BELT 5VX1120,UNIT,16,2024-0006,INDUSTRIAL GLOBAL SOLUTIONS,35.64
26EF527C,2024-09-22,BELT 5VX1120,UNIT,12,2024-0006,GENERAL SERVICES & LOGISTICS CO.,34.96
9AEA11D3,2024-09-22,RUBBER SPLICING TAPE 23,ROLL,12,2024-0006,ELECTRA-NETWORK SUPPLY,26.48
D2EFDF01,2024-09-22,ELECTRICAL TAPE 33,ROLL,12,2024-0006,GENERAL SERVICES & LOGISTICS CO.,13.7
932DEE17,2024-09-22,TERMINAL BARRACUDA FOR 3/0 CABLE,UNIT,108,2024-0006,ELECTRA-NETWORK SUPPLY,11.09
EF21C431,2024-10-04,"ELECTRIC MOTOR 75HP,460V,60HZ,FRAME405T MODEL: TXC 405T75U6B SERIAL: 2404086-001",UNIT,6,REQ-PRP-2024-004,ELECTRA-NETWORK SUPPLY,5500.0
03FC388B,2024-10-04,FREQUENCY DRIVE 150HP BRAND: ZE TWERD SERIAL N° 9442/24,UNIT,1,REQ-PRP-2024-004,ELECTRA-NETWORK SUPPLY,2895.53
652EF26B,2024-10-04,FREQUENCY DRIVE 150HP BRAND: ZE TWERD SERIAL N° 9472/24,UNIT,1,REQ-PRP-2024-004,ELECTRA-NETWORK SUPPLY,2795.61
EFB166A6,2024-10-04,FREQUENCY DRIVE 150HP BRAND: ZE TWERD SERIAL N° 9455/24,UNIT,1,REQ-PRP-2024-004,GENERAL SERVICES & LOGISTICS CO.,2897.73
1629C992,2024-10-04,FREQUENCY DRIVE 150HP BRAND: ZE TWERD SERIAL N° 9459/24,UNIT,1,REQ-PRP-2024-004,INDUSTRIAL GLOBAL SOLUTIONS,2805.81
EC614F19,2024-10-05,SEAL 415449 (CR-24988) PARKER BRAND,UNIT,4,2024-0007,INDUSTRIAL GLOBAL SOLUTIONS,34.89
53D95454,2024-10-05,TERMINAL CAPS 35KV FOR 4/0 CABLE 3M BRAND,SET,3,2024-0007,ELECTRA-NETWORK SUPPLY,13.52
37216ECE,2024-10-05,SCOTCH INSULATING TAPE 23,UNIT,12,2024-0007,ELECTRA-NETWORK SUPPLY,35.33
7AF33481,2024-10-05,SCOTCH INSULATING TAPE 33,ROLL,12,2024-0007,GENERAL SERVICES & LOGISTICS CO.,34.43
932DEE17,2024-10-05,TERMINAL BARRACUDA FOR 3/0 CABLE,UNIT,114,2024-0007,GENERAL SERVICES & LOGISTICS CO.,11.09
AC6BD706,2024-10-05,FUSE FOR 2A HOLDER,UNIT,10,2024-0007,GENERAL SERVICES & LOGISTICS CO.,34.71
F15FE52F,2024-10-05,FUSE FOR 3A HOLDER,UNIT,10,2024-0007,ELECTRA-NETWORK SUPPLY,35.12
B5E4DF2E,2024-10-05,FUSE FOR 5A HOLDER,UNIT,10,2024-0007,ELECTRA-NETWORK SUPPLY,35.55
E4017955,2024-10-05,HYDRAULIC TERMINAL PRESS,SET,1,NOT SPECIFIED,GENERAL SERVICES & LOGISTICS CO.,13.11
9D1058E1,2024-10-07,SERVO-VALVE BRAND: STAR HIDRAULICS LTD SERIAL: M607307-01,UNIT,1,2024-0008,GENERAL SERVICES & LOGISTICS CO.,35.09
82BE45F5,2024-10-07,SERVO-VALVE BRAND: STAR HIDRAULICS LTD SERIAL: M607307-02,UNIT,1,2024-0008,INDUSTRIAL GLOBAL SOLUTIONS,34.52
F87ABEAC,2024-10-07,ULTRAVIOLET FLAME SENSOR BRAND: HONEYWELL SERIAL: 13045239,UNIT,1,2024-0008,INDUSTRIAL GLOBAL SOLUTIONS,34.81
2E4DC416,2024-10-07,ULTRAVIOLET FLAME SENSOR BRAND: HONEYWELL SERIAL: 10067497,UNIT,1,2024-0008,ELECTRA-NETWORK SUPPLY,34.71
8B84E6F2,2024-10-11,CYLINDRICAL ROLLER BEARINGS SINGLE ROW NJ214E,UNIT,4,TYPO,ELECTRA-NETWORK SUPPLY,34.69
A1CB30F4,2024-10-11,SPHERICAL ROLLER THRUST BEARING 29420E,UNIT,4,TYPO,GENERAL SERVICES & LOGISTICS CO.,34.68
79290817,2024-10-11,CYLINDRICAL ROLLER BEARINGS NJ221E,UNIT,4,TYPO,ELECTRA-NETWORK SUPPLY,35.69
F3EAA9E0,2024-10-11,SPHERICAL ROLLER THRUST BEARING 29426E,UNIT,4,TYPO,ELECTRA-NETWORK SUPPLY,35.35
B1B91034,2024-10-11,DEEP GROOVE BALL BEARING 16024,UNIT,4,TYPO,ELECTRA-NETWORK SUPPLY,35.26
DC00F912,2024-10-11,BELT 5V1180,UNIT,24,TYPO,GENERAL SERVICES & LOGISTICS CO.,84.96
26EF527C,2024-10-11,BELT 5VX1120,UNIT,28,TYPO,ELECTRA-NETWORK SUPPLY,34.94
1656FC73,2024-10-11,TERMINAL TYPE BARRACUDA BIMETAL DOUBLE EYE FOR 500 MCM CABLE,UNIT,30,TYPO,GENERAL SERVICES & LOGISTICS CO.,13.36
F19C2F26,2024-10-11,TERMINAL TYPE BARRACUDA BIMETAL DOUBLE EYE FOR 350 MCM CABLE,UNIT,6,TYPO,INDUSTRIAL GLOBAL SOLUTIONS,13.15
CBE7C296,2024-10-11,"EJECTION FUSE TYPE K, 27 KV",UNIT,3,TYPO,INDUSTRIAL GLOBAL SOLUTIONS,34.4
CAE01138,2024-10-11,"MONOPOLAR CIRCUIT BREAKERS 27 KV, 100 A, BIL 125 KV",UNIT,3,TYPO,INDUSTRIAL GLOBAL SOLUTIONS,35.4
128A938F,2024-10-11,"PRESSURE TRANSMITTER 30515 CONNECTION 1/2"" NPT",UNIT,6,TYPO,ELECTRA-NETWORK SUPPLY,34.86
C8234BE2,2024-10-11,"TEMPERATURE TRANSMITTER 3144P CONNECTION 1/2"" NPT",UNIT,7,TYPO,ELECTRA-NETWORK SUPPLY,34.71
1F4C8EF8,2024-10-11,GLASS FUSE OF 5 X 20 MM OF 250 MA,UNIT,120,TYPO,ELECTRA-NETWORK SUPPLY,35.26
B3756A00,2024-10-11,GLASS FUSE OF 5 X 20 MM OF 3 A,UNIT,10,TYPO,GENERAL SERVICES & LOGISTICS CO.,35.68
B3756A00,2024-10-11,GLASS FUSE OF 5 X 20 MM OF 3 A,UNIT,10,TYPO,ELECTRA-NETWORK SUPPLY,35.41
449F3A49,2024-10-11,TERMINAL CAP 35 KV FOR 4/0 CABLE,UNIT,3,TYPO,GENERAL SERVICES & LOGISTICS CO.,13.19
F6D1A7E8,2024-10-11,TERMINAL CAP 5 KV FOR 500 MCM CABLE,UNIT,12,TYPO,INDUSTRIAL GLOBAL SOLUTIONS,13.18
B4B42D7C,2024-10-11,50 AMP MOLDED CASE TRIPOLAR BREAKER,UNIT,1,TYPO,GENERAL SERVICES & LOGISTICS CO.,34.49
3C46ADB5,2024-10-11,DOUBLE LIP RADIAL SEAL CR-32397,UNIT,4,TYPO,INDUSTRIAL GLOBAL SOLUTIONS,35.52
C78941C7,2024-10-11,TEMPERATURE ELEMENT RTD WITHOUT THERMOWELL LENGTH 15 CM,UNIT,6,TYPO,GENERAL SERVICES & LOGISTICS CO.,35.44
69E17AE5,2024-10-11,TEMPERATURE ELEMENT RTD WITHOUT THERMOWELL LENGTH 20 CM,UNIT,1,TYPO,INDUSTRIAL GLOBAL SOLUTIONS,34.91
B8A38296,2024-10-12,"3/4"" NPT OIL LEVEL VIEWER",SET,4,TYPO,GENERAL SERVICES & LOGISTICS CO.,15.33
3EB32853,2024-10-12,INDUSTRIAL LED REFLECTOR 400 W,SET,10,TYPO,ELECTRA-NETWORK SUPPLY,34.5
9AEA11D3,2024-10-12,RUBBER SPLICING TAPE 23,ROLL,4,TYPO,GENERAL SERVICES & LOGISTICS CO.,26.48
D2EFDF01,2024-10-12,ELECTRICAL TAPE 33,ROLL,4,TYPO,ELECTRA-NETWORK SUPPLY,13.7
039A0D67,2024-10-17,SERVO-VALVE BRAND ULTRA MOOG SERIAL 116834 31 B: USED,UNIT,1,TYPO,GENERAL SERVICES & LOGISTICS CO.,34.78
FA232ADD,2024-10-20,"4"" BRUSH",UNIT,10,NE-001,ELECTRA-NETWORK SUPPLY,34.78
1B4F875E,2024-10-20,"2"" BRUSH",UNIT,10,NE-001,INDUSTRIAL GLOBAL SOLUTIONS,34.35
CC40AB7A,2024-10-20,"1/2"" SOCATE",UNIT,15,NE-001,GENERAL SERVICES & LOGISTICS CO.,34.75
6C654839,2024-10-20,PVC DOTTED COTTON GLOVE,,24,NE-001,GENERAL SERVICES & LOGISTICS CO.,0.84
E8D2B523,2024-10-20,HIDROJET 1600 W 5 LTS,UNIT,1,NE-001,ELECTRA-NETWORK SUPPLY,35.09
B928BA3D,2024-10-20,"WOODEN SPATULA OF 5""",UNIT,2,NE-001,GENERAL SERVICES & LOGISTICS CO.,35.49
81014082,2024-10-20,"WOODEN SPATULA OF 3""",UNIT,5,NE-001,INDUSTRIAL GLOBAL SOLUTIONS,34.49
2553054A,2024-10-20,PAINT ROLLER KIT,SET,4,NE-001,INDUSTRIAL GLOBAL SOLUTIONS,34.77
AE34D56F,2024-10-20,LED BULBS 9 W,UNIT,40,NE-001,GENERAL SERVICES & LOGISTICS CO.,35.35
A7F1A743,2024-10-20,2-STROKE OIL,LITER,4,NE-001,INDUSTRIAL GLOBAL SOLUTIONS,15.76
20DA544F,2024-10-20,LATEX GLOVES,BOX,1,NE-001,ELECTRA-NETWORK SUPPLY,35.28
22898DCD,2024-10-21,PROGRESSIVE CAVITY PUMP SERIAL N° 10610-A387,UNIT,1,TYPO,GENERAL SERVICES & LOGISTICS CO.,34.37
2F41C343,2024-10-21,PROGRESSIVE CAVITY PUMP SERIAL N° 10129-A156,UNIT,1,TYPO,GENERAL SERVICES & LOGISTICS CO.,34.79
DEED0718,2024-10-21,PROGRESSIVE CAVITY PUMP SERIAL N° 10124-A159,UNIT,1,TYPO,ELECTRA-NETWORK SUPPLY,34.73
9AEA11D3,2024-10-22,RUBBER SPLICING TAPE 23,ROLL,10,SDO-FO-HSE-137,GENERAL SERVICES & LOGISTICS CO.,26.48
D2EFDF01,2024-10-22,ELECTRICAL TAPE 33,ROLL,10,SDO-FO-HSE-137,ELECTRA-NETWORK SUPPLY,13.7
9052416D,2024-10-25,POWER CABLE 3/C 3/0 AWG AL 80075°C 600V,METER,1200,TYPO,INDUSTRIAL GLOBAL SOLUTIONS,35.45
8FC8088A,2024-10-25,"POWER CABLE  3/C 10AWG CU XLPE 90° 600V, 7 STRANDS SOFT COPPER CONDUCTOR CLASS B INTERLOCKED ALUMINUM ARMOR",METER,200,TYPO,ELECTRA-NETWORK SUPPLY,34.45
E4F89B17,2024-10-25,"POWER CABLE 3/C 12 AWG CU XLPE 90° 600V, 7 STRANDS SOFT COPPER CONDUCTOR CLASS B INTERLOCKED ALUMINUM ARMOR",METER,200,TYPO,GENERAL SERVICES & LOGISTICS CO.,35.65
D11C489B,2024-10-25,"1/C18 AWG PVC 105°C 600V, BLACK COLOR CABLE",METER,300,TYPO,GENERAL SERVICES & LOGISTICS CO.,35.11
9BB9B656,2024-10-25,"1/C18 AWG PVC 105°C 600V, RED COLOR CABLE",METER,300,TYPO,INDUSTRIAL GLOBAL SOLUTIONS,34.92
8922FDA8,2024-10-25,"THREE-PHASE DRY TYPE TRANSFORMER, 45 KVA, 480/208- 120.INDOOR USE",UNIT,1,TYPO,INDUSTRIAL GLOBAL SOLUTIONS,35.26
2F3BC800,2024-10-25,"THREE-PHASE DRY TYPE TRANSFORMER, 75 KVA, 480/208- 120.INDOOR USE",UNIT,1,TYPO,ELECTRA-NETWORK SUPPLY,34.9
C19C5445,2024-10-25,"THREE-PHASE DISTRIBUTION TRANSFORMER SUBSTATION TYPE, 34.5/0.48-0.277KV,2000KVA",UNIT,1,TYPO,INDUSTRIAL GLOBAL SOLUTIONS,34.35
0C85B608,2024-10-25,INSTRUMENTATION CABLE 24 (16P) X 16 AWG,METER,286,TYPO,GENERAL SERVICES & LOGISTICS CO.,34.6
364B148A,2024-10-25,INSTRUMENTATION CABLE 6(4P) X 16 AWG,METER,141,TYPO,INDUSTRIAL GLOBAL SOLUTIONS,35.07
C2CB26F3,2024-10-25,3 POLE 30 AM MOLDED CASE BREAKER,UNIT,1,TYPO,ELECTRA-NETWORK SUPPLY,34.69
86730E70,2024-10-25,2 POLE 30 AM MOLDED CASE BREAKER,UNIT,1,TYPO,INDUSTRIAL GLOBAL SOLUTIONS,34.94
440657DA,2024-10-28,"ASSEMBLED BUSHING WITH ALL ITS ELEMENTS, (INSULATING ELEMENT (BUSHING ITSELF), LOWER CAP, FLANGE, UPPER CAP (BUSHING SUPPORT ON THE FLANGE, INSULATED ELECTRICAL CONDUCTOR 20KV, TIP EXTENSION (CONTACT WITH THE GRID COLLECTOR)",UNIT,1,TYPO,GENERAL SERVICES & LOGISTICS CO.,34.9
19E62F06,2024-10-28,MULTICONDUCTOR INSTRUMENTATION 8 PAIRS CALIBER#16 AWG ARMANDO,METER,300,TYPO,GENERAL SERVICES & LOGISTICS CO.,34.69
BB8933B8,2024-11-04,SILICON,TUBE,2,TYPO,INDUSTRIAL GLOBAL SOLUTIONS,34.92
442311AA,2024-11-04,EXPANSIVE FOAM LARGE,TUBE,2,TYPO,ELECTRA-NETWORK SUPPLY,35.34
EF8CB270,2024-11-04,ALUMINIZED ADHESIVE TAPE,ROLL,1,TYPO,ELECTRA-NETWORK SUPPLY,34.58
99C54687,2024-11-04,LARGE EXTRACTOR,UNIT,1,TYPO,ELECTRA-NETWORK SUPPLY,34.91
988FDD0E,2024-11-04,SILVER ROD,UNIT,5,TYPO,ELECTRA-NETWORK SUPPLY,34.43
3DB32A9E,2024-11-04,PIPE CUTTER,UNIT,1,TYPO,GENERAL SERVICES & LOGISTICS CO.,35.15
6E838C6A,2024-11-04,TERMINAL TYPE BARRACUDA ONE EYE FOR 3/0 CABLE,UNIT,198,TYPO,INDUSTRIAL GLOBAL SOLUTIONS,8.54
37216ECE,2024-11-04,SCOTCH INSULATING TAPE 23,UNIT,38,TYPO,INDUSTRIAL GLOBAL SOLUTIONS,34.3
37216ECE,2024-11-04,SCOTCH INSULATING TAPE 23,UNIT,27,TYPO,ELECTRA-NETWORK SUPPLY,35.45
38D99A20,2024-11-04,PVC DOTTED COTTON GLOVE,PAIR,112,TYPO,GENERAL SERVICES & LOGISTICS CO.,34.44
64569C89,2024-11-04,NITRILE GLOVE,BOX,75,TYPO,INDUSTRIAL GLOBAL SOLUTIONS,35.09
C276BBD7,2024-11-04,GRAY CEMENT,SACK,2,TYPO,ELECTRA-NETWORK SUPPLY,34.45
72398892,2024-11-04,90MM ANTI-CUT PADLOCK,UNIT,2,TYPO,INDUSTRIAL GLOBAL SOLUTIONS,34.81
22B902F6,2024-11-09,"1 1/4"" X 25 FT PIN X PIN ROD",UNIT,120,TYPO,ELECTRA-NETWORK SUPPLY,35.51
9C8B4FCB,2024-11-09,START SERVOVALVE MODEL 550 00 98,UNIT,2,SDO-FO-NDE-CP-02,INDUSTRIAL GLOBAL SOLUTIONS,35.62
39AEC270,2024-11-09,HYDRAULIC OIL FILTER SERVO VALVE,UNIT,2,TYPO,INDUSTRIAL GLOBAL SOLUTIONS,15.75
7F809AF5,2024-11-11,INDUSTRIAL MIXER MODEL B30,UNIT,1,NOT SPECIFIED,GENERAL SERVICES & LOGISTICS CO.,34.62
F3325A99,2024-11-13,TERMINAL CAP FOR 35KV 70 MM2 (2/0) - 300MM2 (500) NKT SOT 361-31 BRAND,UNIT,3,TYPO,GENERAL SERVICES & LOGISTICS CO.,13.28
7411D229,2024-11-14,STAR TYPE COUPLING NO. 190 FOR CENTRIFUGAL PUMP P-202,UNIT,1,TYPO,GENERAL SERVICES & LOGISTICS CO.,35.63
D586F6EA,2024-11-14,HUB PARA BOMBA P-810,UNIT,1,TYPO,ELECTRA-NETWORK SUPPLY,35.5
DC681811,2024-11-14,WATER BOTTLES 18 L,UNIT,40,SLA-ADM-NE-24-001,GENERAL SERVICES & LOGISTICS CO.,35.37
056C2221,2024-11-15,SEAL IN V VA-080,SET,2,TYPO,INDUSTRIAL GLOBAL SOLUTIONS,35.15
A58410F4,2024-11-15,HYDRAULIC FILTER DONALSON,UNIT,3,TYPO,INDUSTRIAL GLOBAL SOLUTIONS,48.9
E9E77786,2024-11-15,"ELECTRIC MOTORS OF 75 HP ,460V,ROTEK BRAND",UNIT,32,S/N,ELECTRA-NETWORK SUPPLY,35.02
26EF527C,2024-11-16,BELT 5VX1120,UNIT,3,NOT SPECIFIED,GENERAL SERVICES & LOGISTICS CO.,34.45
22B902F6,2024-11-16,"1 1/4"" X 25 FT PIN X PIN ROD",UNIT,280,SDO-FO-ADC-02,ELECTRA-NETWORK SUPPLY,35.4
AB2B6869,2024-11-17,MANUAL GREASE GUN,UNIT,1,45613,GENERAL SERVICES & LOGISTICS CO.,35.47
F7F1B51F,2024-11-18,"FREQUENCY VARIATOR OF 150 HP, 480V, 60 HZ, 180A, MFC 1000 TYPE",,15,SDO-NE-CP-02,GENERAL SERVICES & LOGISTICS CO.,16000.0
2642B491,2024-11-18,BCP OF 200-300 RPM WITH ROTOR AND CONNECTIONS MODEL 35-1600,,3,SDO-PERF-24-02,GENERAL SERVICES & LOGISTICS CO.,34.86
AF64EA50,2024-11-18,BCP OF 300-300 BPD 400 RPM WITH ROTOR AND CONNECTIONS,EQUIPMENT,3,SDO-PERF-24-02,GENERAL SERVICES & LOGISTICS CO.,34.47
5CE3CA07,2024-11-18,BCP OF 400-500 400 RPM WITH ROTOR AND CONNECTIONS,UNIT,3,SDO-PERF-24-02,INDUSTRIAL GLOBAL SOLUTIONS,35.47
7A3626D4,2024-11-19,CYLINDRICAL ROLLER BEARING SINGLE ROW  NJ214E,UNIT,2,45615,GENERAL SERVICES & LOGISTICS CO.,34.97
A1CB30F4,2024-11-19,SPHERICAL ROLLER THRUST BEARING 29420E,UNIT,2,45615,GENERAL SERVICES & LOGISTICS CO.,35.0
4AA682FD,2024-11-19,CYLINDRICAL ROLLER BEARING SINGLE ROW  NJ221E,UNIT,2,45615,ELECTRA-NETWORK SUPPLY,35.03
7E8687D3,2024-11-19,SPHERICAL ROLLER BEARING 29426E,UNIT,2,45615,ELECTRA-NETWORK SUPPLY,34.45
4BA3A91E,2024-11-19,DEEP GROOVE BALL BEARINGS 16024,UNIT,2,45615,GENERAL SERVICES & LOGISTICS CO.,35.54
3C46ADB5,2024-11-19,DOUBLE LIP RADIAL SEAL CR-32397,UNIT,2,45615,ELECTRA-NETWORK SUPPLY,34.62
3BA8AF4E,2024-11-19,DOUBLE LIP RADIAL SEAL CR -24988,UNIT,2,45615,INDUSTRIAL GLOBAL SOLUTIONS,34.69
B8A38296,2024-11-19,"3/4"" NPT OIL LEVEL VIEWER",SET,2,45615,ELECTRA-NETWORK SUPPLY,15.45
056C2221,2024-11-19,SEAL IN V VA-080,SET,2,45615,INDUSTRIAL GLOBAL SOLUTIONS,34.67
0754BE5C,2024-11-19,1/8 NPT BREATHING VALVE,UNIT,2,45615,INDUSTRIAL GLOBAL SOLUTIONS,35.6
DC00F912,2024-11-19,BELT 5V1180,UNIT,4,45615,ELECTRA-NETWORK SUPPLY,84.96
26EF527C,2024-11-19,BELT 5VX1120,UNIT,4,45615,ELECTRA-NETWORK SUPPLY,35.43
83A8067D,2024-11-19,"CROSSOVER 4 1/2"" EUE PIN X 5 1/2"" LTC BOX",UNIT,5,SDO-PERF-24-03,INDUSTRIAL GLOBAL SOLUTIONS,34.64
19DEEC2D,2024-11-19,"CROSSOVER 3 1/2"" EUE BOX X 4 1/2"" EUE PIN",UNIT,3,SDO-PERF-24-03,ELECTRA-NETWORK SUPPLY,34.5
9730CE49,2024-11-19,"CROSSOVER 3 1/2"" EUE PIN X 4 1/2"" EUE BOX",UNIT,3,SDO-PERF-24-03,GENERAL SERVICES & LOGISTICS CO.,34.63
F7F1B51F,2024-11-20,"FREQUENCY VARIATOR OF 150 HP, 480V, 60 HZ, 180A, MFC 1000 TYPE",,15,SDO-NE-CP-02,GENERAL SERVICES & LOGISTICS CO.,16000.0
95228A1B,2024-11-25,CYLINDRICAL ROLLER BEARING SINGLE ROW NJ214E,UNIT,5,TYPO,GENERAL SERVICES & LOGISTICS CO.,34.58
39BC1121,2024-11-25,CYLINDRICAL ROLLER BEARING SINGLE ROW NJ221E,UNIT,5,TYPO,GENERAL SERVICES & LOGISTICS CO.,35.16
C2B645E8,2024-11-25,SPHERICAL ROLLER THRUST BEARINGS 29426E,UNIT,5,TYPO,INDUSTRIAL GLOBAL SOLUTIONS,35.32
1BD9E462,2024-11-25,SPHERICAL ROLLER THRUST BEARINGS 29420E,UNIT,5,TYPO,GENERAL SERVICES & LOGISTICS CO.,34.88
4BA3A91E,2024-11-25,DEEP GROOVE BALL BEARINGS 16024,UNIT,5,TYPO,ELECTRA-NETWORK SUPPLY,34.42
3C46ADB5,2024-11-25,DOUBLE LIP RADIAL SEAL CR-32397,UNIT,5,TYPO,ELECTRA-NETWORK SUPPLY,34.83
3BA8AF4E,2024-11-25,DOUBLE LIP RADIAL SEAL CR -24988,UNIT,5,TYPO,ELECTRA-NETWORK SUPPLY,34.36
8E0EE1A6,2024-11-25,SEAL IN VA-080,UNIT,2,TYPO,ELECTRA-NETWORK SUPPLY,35.45
0754BE5C,2024-11-25,1/8 NPT BREATHING VALVE,UNIT,7,TYPO,INDUSTRIAL GLOBAL SOLUTIONS,35.06
932DEE17,2024-11-25,TERMINAL BARRACUDA FOR 3/0 CABLE,UNIT,200,TYPO,INDUSTRIAL GLOBAL SOLUTIONS,11.09
37216ECE,2024-11-25,SCOTCH INSULATING TAPE 23,UNIT,38,TYPO,GENERAL SERVICES & LOGISTICS CO.,34.37
53DD5265,2024-11-25,TRIPOLAR CIRCUIT BREAKER MOLDED CASE 250 A,UNIT,7,TYPO,INDUSTRIAL GLOBAL SOLUTIONS,34.94
DF6A5262,2024-11-26,STAR TYPE COUPLING FOR CENTRIFUGAL PUMP P-202,UNIT,1,TYPO,GENERAL SERVICES & LOGISTICS CO.,34.69
D8C3DC47,2024-11-27,WRENCHES,UNIT,50,SDO-NE-CP-02,GENERAL SERVICES & LOGISTICS CO.,34.56
1E03CED9,2024-11-27,SCREWS WITH FLANGES,UNIT,150,SDO-NE-CP-02,GENERAL SERVICES & LOGISTICS CO.,35.18
7C26B4C0,2024-11-27,PROGRESSIVE CAVITY PUMP MODEL 98-1600,UNIT,1,TYPO,ELECTRA-NETWORK SUPPLY,35.35
1656FC73,2024-11-27,TERMINAL TYPE BARRACUDA BIMETAL DOUBLE EYE FOR 500 MCM CABLE,UNIT,18,54,GENERAL SERVICES & LOGISTICS CO.,13.2
F19C2F26,2024-11-27,TERMINAL TYPE BARRACUDA BIMETAL DOUBLE EYE FOR 350 MCM CABLE,UNIT,6,54,INDUSTRIAL GLOBAL SOLUTIONS,13.09
D6C4645B,2024-11-27,TERMINAL TYPE C,UNIT,20,54,INDUSTRIAL GLOBAL SOLUTIONS,13.39
D2EFDF01,2024-11-27,ELECTRICAL TAPE 33,ROLL,38,54,GENERAL SERVICES & LOGISTICS CO.,13.7
932DEE17,2024-11-27,TERMINAL BARRACUDA FOR 3/0 CABLE,UNIT,190,54,INDUSTRIAL GLOBAL SOLUTIONS,11.09
B96CC59E,2024-11-27,V-BELT 5VX-1120,UNIT,60,54,INDUSTRIAL GLOBAL SOLUTIONS,34.58
2EA913D9,2024-11-27,V-BELT 5VX-1180,UNIT,44,54,INDUSTRIAL GLOBAL SOLUTIONS,35.33
7A67D897,2024-11-27,VX 1250 BELT,UNIT,4,54,INDUSTRIAL GLOBAL SOLUTIONS,35.66
2E18C0F5,2024-11-27,INDUSTRIAL BREAKER OF 1250 AMP,,1,54,ELECTRA-NETWORK SUPPLY,4500.0
AF06041B,2024-11-27,FUSE 60 AMP,UNIT,3,54,ELECTRA-NETWORK SUPPLY,35.16
B45BE289,2024-11-27,THREE-PHASE SERVICE PANEL OF 24 CIRCUITS,UNIT,1,54,GENERAL SERVICES & LOGISTICS CO.,35.56
DE622955,2024-11-27,PANEL BREAKER OF 10 AMP,,6,54,GENERAL SERVICES & LOGISTICS CO.,34.67
4D9C521A,2024-11-27,PANEL BREAKER OF 20 AMP,,4,54,INDUSTRIAL GLOBAL SOLUTIONS,17.36
9199E1D6,2024-11-27,50 AMP TRIPOLAR PANEL BREAKER,UNIT,4,54,GENERAL SERVICES & LOGISTICS CO.,34.47
7DF6AE8B,2024-11-27,LED LAMP OF 48 W,UNIT,3,54,INDUSTRIAL GLOBAL SOLUTIONS,35.02
0143330C,2024-11-27,CURRENT INTAKE,UNIT,3,54,INDUSTRIAL GLOBAL SOLUTIONS,35.29
4C5CB0A5,2024-11-27,INTERRUPTOR DOBLE,UNIT,1,54,ELECTRA-NETWORK SUPPLY,34.86
D8082619,2024-11-27,OIL LEVEL VIEWER 3/4 NPT,UNIT,5,54,ELECTRA-NETWORK SUPPLY,15.64
9C1524EF,2024-11-28,CHEMICAL PRODUCT ST TUR29N1,BUCKET,3,54,ELECTRA-NETWORK SUPPLY,35.68
22B902F6,2024-11-29,"1 1/4"" X 25 FT PIN X PIN ROD",UNIT,200,SDO-PERF-24-001,GENERAL SERVICES & LOGISTICS CO.,34.46
22B902F6,2024-11-30,"1 1/4"" X 25 FT PIN X PIN ROD",UNIT,200,SDO-PERF-24-001,ELECTRA-NETWORK SUPPLY,34.6
5BAA4318,2024-12-02,INDUSTRIAL BREAKER OF 250 AMP,,10,SDO-FO-ADC-02,ELECTRA-NETWORK SUPPLY,675.83
2E18C0F5,2024-12-02,INDUSTRIAL BREAKER OF 1250 AMP,,3,SDO-FO-ADC-02,GENERAL SERVICES & LOGISTICS CO.,4500.0
E4B527AA,2024-12-02,COPPER BARS 50 CM LONG X 40 MM WIDE X 10 MM THICK,UNIT,6,SDO-FO-ADC-02,ELECTRA-NETWORK SUPPLY,34.43
D6DD106E,2024-12-02,CABLE ARMORED INSTRUMENTATION 1 PAIR 16 AMG,METER,450,SDO-FO-ADC-02,ELECTRA-NETWORK SUPPLY,35.06
D6DD106E,2024-12-02,CABLE ARMORED INSTRUMENTATION 1 PAIR 16 AMG,METER,550,SDO-FO-ADC-02,ELECTRA-NETWORK SUPPLY,34.58
6DB15146,2024-12-02,DRY TRANSFORMER 45 KV,UNIT,1,SDO-PERF-24-001,INDUSTRIAL GLOBAL SOLUTIONS,34.43
6DB15146,2024-02-04,DRY TRANSFORMER 45 KV,UNIT,1,SDO-MNTO-24-002,INDUSTRIAL GLOBAL SOLUTIONS,34.63
03E21536,2024-12-04,POWER CABLE 3C 3/0,METER,800,SDO-MNTO-24-002,INDUSTRIAL GLOBAL SOLUTIONS,35.59
6DB15146,2024-12-04,DRY TRANSFORMER 45 KV,UNIT,1,SDO-MNTO-24-002,ELECTRA-NETWORK SUPPLY,35.59
A7FFED34,2024-12-04,PULLEY 4/5V850E FOR POZOZS,UNIT,8,SDO-NE-CP-02,INDUSTRIAL GLOBAL SOLUTIONS,34.38
13C8CDF2,2024-12-04,LOAD CLAMP FOR WHEATHERFORD WELLHEAD,UNIT,4,SDO-NE-CP-02,ELECTRA-NETWORK SUPPLY,35.18
2CCEF03C,2024-12-04,LOAD CLAMP FOR LIFTEQ WELLHEAD,UNIT,4,SDO-NE-CP-02,GENERAL SERVICES & LOGISTICS CO.,35.51
288A0230,2024-12-04,WELLHEAD STUD FOR WHEATHERFORD B1505,UNIT,4,SDO-NE-CP-02,ELECTRA-NETWORK SUPPLY,34.85
E9E77786,2024-12-06,"ELECTRIC MOTORS OF 75 HP ,460V,ROTEK BRAND",UNIT,6,SDO-FO,GENERAL SERVICES & LOGISTICS CO.,35.41
A7FFED34,2024-12-06,PULLEY 4/5V850E FOR POZOZS,UNIT,8,SDO MNTO 24 006,ELECTRA-NETWORK SUPPLY,35.65
13C8CDF2,2024-12-06,LOAD CLAMP FOR WHEATHERFORD WELLHEAD,UNIT,21,SDO MNTO 24 006,GENERAL SERVICES & LOGISTICS CO.,35.24
2CCEF03C,2024-12-06,LOAD CLAMP FOR LIFTEQ WELLHEAD,UNIT,6,SDO MNTO 24 006,GENERAL SERVICES & LOGISTICS CO.,35.06
288A0230,2024-12-06,WELLHEAD STUD FOR WHEATHERFORD B1505,UNIT,21,SDO MNTO 24 006,ELECTRA-NETWORK SUPPLY,34.46
937773A4,2024-12-06,"HUB BUSHING E 2-7/8""",UNIT,2,SDO MNTO 24 006,INDUSTRIAL GLOBAL SOLUTIONS,34.56
791EF748,2024-12-06,SCREW WITH PRESSURE WASHER,UNIT,100,SDO MNTO 24 004,INDUSTRIAL GLOBAL SOLUTIONS,34.6
D6DD106E,2024-12-06,CABLE ARMORED INSTRUMENTATION 1 PAIR 16 AMG,METER,598,SDO MNTO 24 004,GENERAL SERVICES & LOGISTICS CO.,34.4
D6DD106E,2024-12-06,CABLE ARMORED INSTRUMENTATION 1 PAIR 16 AMG,METER,1000,SDO MNTO 24 004,ELECTRA-NETWORK SUPPLY,34.71
0DF5432F,2024-12-07,PRESSURE TRANSMITTER 3051 RANGE 0 TO 300,UNIT,6,SDO PERF 24-0001,ELECTRA-NETWORK SUPPLY,34.7
03E21536,2024-12-07,POWER CABLE 3C 3/0,METER,1600,SDO PERF 24-0001,INDUSTRIAL GLOBAL SOLUTIONS,35.38
6BDEE6BA,2024-12-07,"6""/300 BALL VALVE",UNIT,1,SDO-MNTO-24-005,GENERAL SERVICES & LOGISTICS CO.,34.92
6BDEE6BA,2024-12-08,"6""/300 BALL VALVE",UNIT,1,SDO PERF 24-0001,GENERAL SERVICES & LOGISTICS CO.,35.55
69C2C8C4,2024-12-08,SMOOTH PIPE NIPPLES 5 1/2# LTC/BOX,UNIT,37,SDO PERF 24-0001,ELECTRA-NETWORK SUPPLY,35.46
65405306,2024-12-08,4 1/2 IN EUE 3000 PSI DRAIN VALVE,UNIT,30,SDO PERF 24-0001,GENERAL SERVICES & LOGISTICS CO.,34.65
ADCAEC9A,2024-12-08,"DRAIN VALVES 5 1/2"" LTC 3000 PSI",UNIT,7,SDO PERF 24-0001,ELECTRA-NETWORK SUPPLY,35.61
83A8067D,2024-12-08,"CROSSOVER 4 1/2"" EUE PIN X 5 1/2"" LTC BOX",UNIT,7,SDO PERF 24-0001,INDUSTRIAL GLOBAL SOLUTIONS,34.4
A9DC07EF,2024-12-08,"CROSSOVER 4 1/2"" EUE BOX X 5 1/2"" LTC PIN",UNIT,10,SDO PERF 24-0001,INDUSTRIAL GLOBAL SOLUTIONS,35.51
19DEEC2D,2024-12-08,"CROSSOVER 3 1/2"" EUE BOX X 4 1/2"" EUE PIN",UNIT,10,SDO PERF 24-0001,ELECTRA-NETWORK SUPPLY,34.97
9730CE49,2024-12-08,"CROSSOVER 3 1/2"" EUE PIN X 4 1/2"" EUE BOX",UNIT,10,SDO PERF 24-0001,INDUSTRIAL GLOBAL SOLUTIONS,34.56
88FD1905,2024-12-08,"CROSSOVER OF COMBINATION 5 1/2"" LTC PIN BTC BOX",UNIT,15,SDO PERF 24-0001,INDUSTRIAL GLOBAL SOLUTIONS,34.72
A7E28202,2024-12-08,"CROSSOVER OF COMBINATION 5 1/2"" BTC PIN LTC BOX",UNIT,10,SDO PERF 24-0001,GENERAL SERVICES & LOGISTICS CO.,35.39
5F40A897,2024-12-08,"BLIND PLUG 4 1/2 "" EUE BOX EXTREME RED",UNIT,8,SDO PERF 24-0001,ELECTRA-NETWORK SUPPLY,34.84
7B6370D6,2024-12-08,TORQUE ANCHOR 9 5/8,UNIT,18,SDO PERF 24-0001,GENERAL SERVICES & LOGISTICS CO.,35.08
19DEEC2D,2024-12-09,"CROSSOVER 3 1/2"" EUE BOX X 4 1/2"" EUE PIN",UNIT,2,SDO PERF 24-0010,GENERAL SERVICES & LOGISTICS CO.,35.0
83A8067D,2024-12-09,"CROSSOVER 4 1/2"" EUE PIN X 5 1/2"" LTC BOX",UNIT,17,SDO PERF 24-0010,INDUSTRIAL GLOBAL SOLUTIONS,34.57
9052416D,2024-12-13,POWER CABLE 3/C 3/0 AWG AL 80075°C 600V,METER,1600,SDO-NE-CP-02,GENERAL SERVICES & LOGISTICS CO.,35.11
D352F41E,2024-12-13,"COUPLING FOR 4"" DRAIN PUMP V-915",UNIT,1,1,GENERAL SERVICES & LOGISTICS CO.,35.3
FF02ECF1,2024-12-11,TIRES 10R22.5,UNIT,12,1,ELECTRA-NETWORK SUPPLY,35.54
E9C5CE0A,2024-12-11,TIRES 26570R16,UNIT,20,1,ELECTRA-NETWORK SUPPLY,166.82
E3319583,2024-12-11,TIRES 26570R17,UNIT,12,1,INDUSTRIAL GLOBAL SOLUTIONS,35.24
C6466D1D,2024-12-11,TIRES 750-R16,UNIT,4,1,GENERAL SERVICES & LOGISTICS CO.,34.41
C362BA41,2024-12-11,BRAKE FLUIDS,,4,1,INDUSTRIAL GLOBAL SOLUTIONS,27.75
3CC30DCA,2024-12-11,NR03 PATCH,UNIT,20,1,GENERAL SERVICES & LOGISTICS CO.,35.35
67B83889,2024-12-11,CEMENT VULCANIZING GLUE,UNIT,1,1,GENERAL SERVICES & LOGISTICS CO.,34.72
8247053A,2024-12-11,SILVERADO SPARK PLUGS,UNIT,16,1,ELECTRA-NETWORK SUPPLY,34.87
3890873D,2024-12-11,CHEYENNE SPARK PLUGS,UNIT,8,1,ELECTRA-NETWORK SUPPLY,34.42
F0E2C564,2024-12-11,SINGLE SILVERADO BELT 6PK2370,UNIT,2,1,INDUSTRIAL GLOBAL SOLUTIONS,35.11
DFCAEDEC,2024-12-11,BULBS H4,UNIT,10,1,ELECTRA-NETWORK SUPPLY,34.85
3F723255,2024-12-11,BULBS H11,UNIT,6,1,ELECTRA-NETWORK SUPPLY,34.89
F6E6A08D,2024-12-15,2000 KVA POWER TRANSFORMER; 34.5 KV; 480-277V,UNIT,1,1,INDUSTRIAL GLOBAL SOLUTIONS,34.69
BBC92A4F,2024-12-17,UBIQUITI ROCKET DISH 5G ANTENNA SUPPORT SUPPLY,UNIT,4,1,INDUSTRIAL GLOBAL SOLUTIONS,34.62
CD8367B3,2024-12-17,UBIQUITI ROCKET DISH 5G ANTENNA SUPPLY,UNIT,4,1,ELECTRA-NETWORK SUPPLY,35.66
DE772363,2024-12-17,FTP CABLE REEL SUPPLY,UNIT,2,1,ELECTRA-NETWORK SUPPLY,34.56
6FE30F3D,2024-12-17,UBIQUITI AIR FIBER 5 X XHD RADIO SUPPLY,UNIT,7,1,INDUSTRIAL GLOBAL SOLUTIONS,34.41
D93098D1,2024-12-17,OVERVOLTAGE PROTECTIONS ETHSP - G2,UNIT,8,1,GENERAL SERVICES & LOGISTICS CO.,34.61
BC738341,2024-12-23,GALVANIZED PIPE 3/4,UNIT,2,1,GENERAL SERVICES & LOGISTICS CO.,34.63
89E85DE9,2024-12-23,"TUBING 1/2"" STAINLESS STEEL",UNIT,2,1,ELECTRA-NETWORK SUPPLY,34.86
E1731495,2024-12-23,"QUICK OPENING VALVE 3/4"" BRONZE",UNIT,4,1,GENERAL SERVICES & LOGISTICS CO.,34.62
6D2EFFD7,2024-12-23,"2 3/4"" BLACK IRON BUSHING",UNIT,3,1,INDUSTRIAL GLOBAL SOLUTIONS,35.63
0CF0BC62,2024-12-23,"BLACK IRON NIPPLES 3/4""",UNIT,3,1,ELECTRA-NETWORK SUPPLY,35.68
E1ACA98B,2024-12-23,"BLACK IRON TEE 3/4""",UNIT,2,1,GENERAL SERVICES & LOGISTICS CO.,35.17
BDC6D3D0,2024-12-23,"3/4"" ODD X 3/4""NP ELBOW CONNECTORS WITH FERRULES",UNIT,12,1,INDUSTRIAL GLOBAL SOLUTIONS,34.97
C2845D57,2024-12-23,"STRAIGHT CONNECTORS WITH LUGS 3/4"" ODD X 3/4""NP",UNIT,2,1,GENERAL SERVICES & LOGISTICS CO.,35.62
1D60DD49,2024-12-23,"QUICK OPENING VALVE 1/2"" BRONZE",UNIT,5,1,ELECTRA-NETWORK SUPPLY,35.53
853C50B1,2024-12-23,"1/2"" STAINLESS STEEL CHECK VALVE 3000 PSI",UNIT,1,1,INDUSTRIAL GLOBAL SOLUTIONS,34.9
62EB6B61,2024-12-23,"BLACK IRON NIPPLES 1/2""",UNIT,4,1,INDUSTRIAL GLOBAL SOLUTIONS,34.79
DA733CB1,2024-12-23,"GALV 3/4"" UNIONS",UNIT,4,1,INDUSTRIAL GLOBAL SOLUTIONS,34.79
95696D53,2024-12-23,"1/2"" STAINLESS STEEL TYPE C/FERRULES CONNECTOR",UNIT,3,1,ELECTRA-NETWORK SUPPLY,34.44
95696D53,2024-12-23,"1/2"" STAINLESS STEEL TYPE C/FERRULES CONNECTOR",UNIT,3,1,INDUSTRIAL GLOBAL SOLUTIONS,35.64
126E1128,2024-12-23,ROD RODI ROT 95 MM 170 MM 43MM 22219 E 2,UNIT,2,1,ELECTRA-NETWORK SUPPLY,34.37
082EF48E,2024-12-23,BORNEMAN SUPPORTING RING 220-929 807-128,UNIT,2,1,INDUSTRIAL GLOBAL SOLUTIONS,35.22
4B2F2DAB,2024-12-23,BORNEMAN OIL SIGHT LEVEL GAUGE 233-007,UNIT,9,1,GENERAL SERVICES & LOGISTICS CO.,34.68
396C9C3F,2024-12-23,BORNEMAN O-RING 240-065,UNIT,1,1,GENERAL SERVICES & LOGISTICS CO.,35.36
AED0A07F,2024-12-23,BORNEMAN O-RING 240-066,UNIT,4,1,ELECTRA-NETWORK SUPPLY,34.7
90407757,2024-12-23,BORNEMAN O-RING 240-100 1197-97-004-200,UNIT,2,1,GENERAL SERVICES & LOGISTICS CO.,35.11
D040E365,2024-12-23,"BORNEMAN SEAL RING 242-062- 56,57,58",UNIT,5,1,GENERAL SERVICES & LOGISTICS CO.,34.9
5EBCF3D8,2024-12-23,BORNEMAN SEAL RING 242-437- 284,UNIT,4,1,ELECTRA-NETWORK SUPPLY,34.62
1FD6AD77,2024-12-23,"BUSHING, SPCR,1191 - 823-0913, BMAN",UNIT,1,1,GENERAL SERVICES & LOGISTICS CO.,35.4
E4CFD979,2024-12-23,"SEAL, MECH,HSHJ97/100G179, BURGM",UNIT,4,1,INDUSTRIAL GLOBAL SOLUTIONS,35.15
9AEA11D3,2024-12-24,RUBBER SPLICING TAPE 23,ROLL,50,1,GENERAL SERVICES & LOGISTICS CO.,26.48
D2EFDF01,2024-12-24,ELECTRICAL TAPE 33,ROLL,50,1,GENERAL SERVICES & LOGISTICS CO.,13.7
4C5CB0A5,2024-12-24,INTERRUPTOR DOBLE,UNIT,1,1,ELECTRA-NETWORK SUPPLY,34.97
0143330C,2024-12-24,CURRENT INTAKE,UNIT,3,1,INDUSTRIAL GLOBAL SOLUTIONS,35.19
2BCA22AF,2024-12-24,GASKET SHEET,,14,1,ELECTRA-NETWORK SUPPLY,1.81
BBBA9C1C,2024-12-24,DUPLEX PLATE,UNIT,3,1,INDUSTRIAL GLOBAL SOLUTIONS,35.45
1D32909A,2024-12-24,TERMINAL FORK TYPE NUMBER 14,UNIT,160,1,GENERAL SERVICES & LOGISTICS CO.,13.45
9052416D,2024-12-24,POWER CABLE 3/C 3/0 AWG AL 80075°C 600V,METER,33,1,INDUSTRIAL GLOBAL SOLUTIONS,34.9
1656FC73,2024-12-24,TERMINAL TYPE BARRACUDA BIMETAL DOUBLE EYE FOR 500 MCM CABLE,UNIT,6,1,INDUSTRIAL GLOBAL SOLUTIONS,13.11
F19C2F26,2024-12-24,TERMINAL TYPE BARRACUDA BIMETAL DOUBLE EYE FOR 350 MCM CABLE,UNIT,12,1,ELECTRA-NETWORK SUPPLY,13.44
DE86A9F4,2024-12-24,LED LAMP OF 60 W,UNIT,3,1,ELECTRA-NETWORK SUPPLY,35.01
F6E6A08D,2024-12-25,2000 KVA POWER TRANSFORMER; 34.5 KV; 480-277V,UNIT,1,1,INDUSTRIAL GLOBAL SOLUTIONS,35.14
A637D8CD,2024-12-26,LEATHER GLOVES,PAIR,12,1,INDUSTRIAL GLOBAL SOLUTIONS,3.65
6C654839,2024-12-26,PVC DOTTED COTTON GLOVE,,72,1,INDUSTRIAL GLOBAL SOLUTIONS,0.84
AA4106FB,2024-12-26,"FREQUENCY DRIVE 100 HP, 480V, 60 HZ, 138A, VDF1100C43A-00 MODEL",EQUIPMENT,8,1,ELECTRA-NETWORK SUPPLY,11000.0
A0ABF290,2024-12-27,CAUSTIC SODA,SACK,60,TYPO,GENERAL SERVICES & LOGISTICS CO.,34.84
A5E39AB8,2024-12-27,XCD POLYMER,SACK,170,TYPO,ELECTRA-NETWORK SUPPLY,35.64
DB44835B,2024-12-27,POWER SUPPLY SUPPLY (DLN6781),EQUIPMENT,4,SDO-FO-ADC-02,ELECTRA-NETWORK SUPPLY,34.84
89CBFC98,2024-12-27,PGCP 8000/GCM 8000 SUPPLY (DLN 6569),EQUIPMENT,2,SDO-FO-ADC-02,GENERAL SERVICES & LOGISTICS CO.,35.11
E14EFBC7,2024-12-27,TTA-TOWER TOP AMPLIFIER GTR-8000 SUPPLY,EQUIPMENT,1,SDO-FO-ADC-02,INDUSTRIAL GLOBAL SOLUTIONS,35.56
3836F9CA,2024-12-27,CMU CONTROL MONITORING DS428E81101C48 SUPPLY,EQUIPMENT,1,SDO-FO-ADC-02,INDUSTRIAL GLOBAL SOLUTIONS,35.66
E32C8E15,2024-12-27,14 VDC 15 AMP POWER SUPPLY FOR APX 5500 BASE RADIO,EQUIPMENT,2,SDO-FO-ADC-02,GENERAL SERVICES & LOGISTICS CO.,34.89
25BFE05B,2024-12-27,IMPRES 2 LION TIA4950 BATTERY SUPPLY,EQUIPMENT,30,SDO-FO-ADC-02,GENERAL SERVICES & LOGISTICS CO.,319.22
295A2F1C,2024-12-27,"VFD 100 HP, 400-480V, 60HZ, 138A, VFD1100C43A-00 DELTA MODEL",UNIT,10,SDO-NE-CP-02,ELECTRA-NETWORK SUPPLY,35.41
9AEA11D3,2024-12-27,RUBBER SPLICING TAPE 23,ROLL,34,SDO-PERF-24-001,ELECTRA-NETWORK SUPPLY,26.48
D2EFDF01,2024-12-27,ELECTRICAL TAPE 33,ROLL,45,SDO-PERF-24-001,INDUSTRIAL GLOBAL SOLUTIONS,13.7
6416A515,2024-12-27,TERMINAL TYPE BARRACUDA 2/0,UNIT,20,SDO-PERF-24-001,INDUSTRIAL GLOBAL SOLUTIONS,13.32
932DEE17,2024-12-27,TERMINAL BARRACUDA FOR 3/0 CABLE,UNIT,160,SDO-PERF-24-001,ELECTRA-NETWORK SUPPLY,11.09
789AADE8,2024-12-27,TERMINAL 4/0,UNIT,110,SDO-PERF-24-001,ELECTRA-NETWORK SUPPLY,13.25
5BAA4318,2024-12-27,INDUSTRIAL BREAKER OF 250 AMP,,13,SDO-PERF-24-001,GENERAL SERVICES & LOGISTICS CO.,675.83
036A38FE,2024-12-27,50 AMP THREE-POLE BREAKER,UNIT,4,SDO-PERF-24-001,ELECTRA-NETWORK SUPPLY,35.32
CDE17855,2024-12-27,60 AMP TRIPOLAR BREAKER,UNIT,9,SDO-PERF-24-001,INDUSTRIAL GLOBAL SOLUTIONS,34.58
2F3B99AE,2024-12-27,30 AMP THREE-POLE BREAKER,UNIT,6,SDO-PERF-24-001,GENERAL SERVICES & LOGISTICS CO.,34.98
C912DC39,2024-12-27,20 AMP MONOPOLAR BREAKER,UNIT,16,SDO-PERF-24-001,GENERAL SERVICES & LOGISTICS CO.,35.27
1656FC73,2024-12-27,TERMINAL TYPE BARRACUDA BIMETAL DOUBLE EYE FOR 500 MCM CABLE,UNIT,18,SDO-PERF-24-001,GENERAL SERVICES & LOGISTICS CO.,13.22
507FF03E,2024-12-27,2/0 AWG TYPE CONNECTOR,UNIT,24,SDO-PERF-24-001,ELECTRA-NETWORK SUPPLY,35.34
8B66F52D,2024-12-27,PHOTO CELL WITH BASE,,3,SDO-PERF-24-001,INDUSTRIAL GLOBAL SOLUTIONS,33.38
9D91AADD,2024-12-27,LED LAMPS FOR INTERIORS,UNIT,1,SDO-PERF-24-001,GENERAL SERVICES & LOGISTICS CO.,35.43
0143330C,2024-12-27,CURRENT INTAKE,UNIT,9,SDO-PERF-24-001,INDUSTRIAL GLOBAL SOLUTIONS,35.34
2E9F49CC,2024-12-27,NORMAL EXTINGUISHERS,UNIT,6,SDO-PERF-24-001,ELECTRA-NETWORK SUPPLY,34.62
2BCA22AF,2024-12-27,GASKET SHEET,,50,SDO-PERF-24-001,INDUSTRIAL GLOBAL SOLUTIONS,1.81
8D9C2124,2024-12-27,MECHANICAL CAT FOR DOOR,UNIT,3,SDO-PERF-24-001,INDUSTRIAL GLOBAL SOLUTIONS,35.13
1656FC73,2024-12-27,TERMINAL TYPE BARRACUDA BIMETAL DOUBLE EYE FOR 500 MCM CABLE,UNIT,18,SDO-PERF-24-001,GENERAL SERVICES & LOGISTICS CO.,13.07
3EB32853,2024-12-27,INDUSTRIAL LED REFLECTOR 400 W,SET,15,SDO-PERF-24-001,INDUSTRIAL GLOBAL SOLUTIONS,34.76
932DEE17,2024-12-27,TERMINAL BARRACUDA FOR 3/0 CABLE,UNIT,50,SDO-PERF-24-001,ELECTRA-NETWORK SUPPLY,11.09
6416A515,2024-12-27,TERMINAL TYPE BARRACUDA 2/0,UNIT,8,SDO-PERF-24-001,INDUSTRIAL GLOBAL SOLUTIONS,13.07
C912DC39,2024-12-27,20 AMP MONOPOLAR BREAKER,UNIT,8,SDO-PERF-24-001,ELECTRA-NETWORK SUPPLY,35.47
036A38FE,2024-12-27,50 AMP THREE-POLE BREAKER,UNIT,2,SDO-PERF-24-001,ELECTRA-NETWORK SUPPLY,34.76
CDE17855,2024-12-27,60 AMP TRIPOLAR BREAKER,UNIT,3,SDO-PERF-24-001,GENERAL SERVICES & LOGISTICS CO.,34.96
A87F792D,2024-12-27,LARGE BLACK TIRAP,UNIT,200,SDO-PERF-24-001,GENERAL SERVICES & LOGISTICS CO.,34.66
65AFF6E1,2024-12-27,BLACK MEDIUM TIRAP,PACKAGE,200,SDO-PERF-24-001,ELECTRA-NETWORK SUPPLY,19.18
783D3FA5,2024-12-27,SMALL BLACK TIRAP,UNIT,200,SDO-PERF-24-001,GENERAL SERVICES & LOGISTICS CO.,35.08
2BCA22AF,2024-12-27,GASKET SHEET,,10,SDO-PERF-24-001,GENERAL SERVICES & LOGISTICS CO.,1.81
8B66F52D,2024-12-27,PHOTO CELL WITH BASE,,1,SDO-PERF-24-001,GENERAL SERVICES & LOGISTICS CO.,33.38
9D91AADD,2024-12-27,LED LAMPS FOR INTERIORS,UNIT,4,SDO-PERF-24-001,ELECTRA-NETWORK SUPPLY,35.22
8D9C2124,2024-12-27,MECHANICAL CAT FOR DOOR,UNIT,1,SDO-PERF-24-001,INDUSTRIAL GLOBAL SOLUTIONS,35.06
854BA587,2024-12-27,15 AMP MONOPOLAR BREAKER,UNIT,8,SDO-PERF-24-001,ELECTRA-NETWORK SUPPLY,35.48
18877A3B,2024-12-27,INSEPTICIDE SPRAY,UNIT,5,SDO-NE-CP-02,GENERAL SERVICES & LOGISTICS CO.,34.98
26EF527C,2024-12-28,BELT 5VX1120,UNIT,20,SDO-PERF-24-001,INDUSTRIAL GLOBAL SOLUTIONS,35.65
2EA913D9,2024-12-28,V-BELT 5VX-1180,UNIT,59,SDO-PERF-24-001,GENERAL SERVICES & LOGISTICS CO.,34.6
F19C2F26,2024-12-28,TERMINAL TYPE BARRACUDA BIMETAL DOUBLE EYE FOR 350 MCM CABLE,UNIT,12,SDO-PERF-24-001,ELECTRA-NETWORK SUPPLY,13.14
1656FC73,2024-12-28,TERMINAL TYPE BARRACUDA BIMETAL DOUBLE EYE FOR 500 MCM CABLE,UNIT,18,SDO-PERF-24-001,INDUSTRIAL GLOBAL SOLUTIONS,13.36
1656FC73,2024-12-28,TERMINAL TYPE BARRACUDA BIMETAL DOUBLE EYE FOR 500 MCM CABLE,UNIT,10,SDO-PERF-24-001,INDUSTRIAL GLOBAL SOLUTIONS,13.37
D8082619,2024-12-28,OIL LEVEL VIEWER 3/4 NPT,UNIT,5,SDO-PERF-24-001,ELECTRA-NETWORK SUPPLY,15.36
449F3A49,2024-12-28,TERMINAL CAP 35 KV FOR 4/0 CABLE,UNIT,6,SDO-PERF-24-001,ELECTRA-NETWORK SUPPLY,13.25
53DD5265,2024-12-28,TRIPOLAR CIRCUIT BREAKER MOLDED CASE 250 A,UNIT,5,SDO-PERF-24-001,GENERAL SERVICES & LOGISTICS CO.,35.29
2F3B99AE,2024-12-28,30 AMP THREE-POLE BREAKER,UNIT,2,SDO-PERF-24-001,ELECTRA-NETWORK SUPPLY,34.35
9AEA11D3,2024-12-28,RUBBER SPLICING TAPE 23,ROLL,17,SDO-PERF-24-001,ELECTRA-NETWORK SUPPLY,26.48
D2EFDF01,2024-12-28,ELECTRICAL TAPE 33,ROLL,18,SDO-PERF-24-001,INDUSTRIAL GLOBAL SOLUTIONS,13.7
65AFF6E1,2024-12-28,BLACK MEDIUM TIRAP,PACKAGE,6,SDO-PERF-24-001,GENERAL SERVICES & LOGISTICS CO.,19.18
2BEA3B16,2024-12-28,INSULATED TERMINAL BLUE COLOR,UNIT,75,SDO-PERF-24-001,INDUSTRIAL GLOBAL SOLUTIONS,13.47
0754BE5C,2024-12-28,1/8 NPT BREATHING VALVE,UNIT,5,SDO-PERF-24-001,ELECTRA-NETWORK SUPPLY,34.91
056C2221,2024-12-28,SEAL IN V VA-080,SET,5,SDO-PERF-24-001,ELECTRA-NETWORK SUPPLY,35.56
F6E6A08D,2024-12-28,2000 KVA POWER TRANSFORMER; 34.5 KV; 480-277V,UNIT,1,1,ELECTRA-NETWORK SUPPLY,34.67
932DEE17,2024-12-29,TERMINAL BARRACUDA FOR 3/0 CABLE,UNIT,214,SDO-FO-ADC-02,GENERAL SERVICES & LOGISTICS CO.,11.09
A87F792D,2024-12-29,LARGE BLACK TIRAP,UNIT,13,SDO-FO-ADC-02,GENERAL SERVICES & LOGISTICS CO.,35.2
65AFF6E1,2024-12-29,BLACK MEDIUM TIRAP,PACKAGE,4,SDO-FO-ADC-02,ELECTRA-NETWORK SUPPLY,19.18
295A2F1C,2024-12-30,"VFD 100 HP, 400-480V, 60HZ, 138A, VFD1100C43A-00 DELTA MODEL",UNIT,10,NOT SPECIFIED,INDUSTRIAL GLOBAL SOLUTIONS,35.08
295A2F1C,2024-01-03,"VFD 100 HP, 400-480V, 60HZ, 138A, VFD1100C43A-00 DELTA MODEL",UNIT,2,SDO-NE-CP-02,INDUSTRIAL GLOBAL SOLUTIONS,34.95
A637D8CD,2025-01-06,LEATHER GLOVES,PAIR,36,SDO-NE-CP-02,INDUSTRIAL GLOBAL SOLUTIONS,3.65
0CE14085,2025-01-08,PROGRESSIVE CAVITY PUMPS 18-1600,UNIT,41,SDO-PERF-25-002,INDUSTRIAL GLOBAL SOLUTIONS,35.64
781539E4,2025-01-10,AFP-95B FILTERS SIZE 24X24X12,UNIT,72,96,GENERAL SERVICES & LOGISTICS CO.,47.19
78263024,2025-01-10,AFP-27 FILTERS SIZE 24X24X12,UNIT,12,96,INDUSTRIAL GLOBAL SOLUTIONS,47.17
D5BBABE0,2025-01-10,AFP-27 FILTERS SIZE 24X24X2,UNIT,60,96,ELECTRA-NETWORK SUPPLY,47.61
4D6F03A2,2025-01-10,WASHER WHIRPOOL BRAND,UNIT,1,SD,GENERAL SERVICES & LOGISTICS CO.,34.71
412952F2,2025-01-09,"167.5 KVA POWER TRANSFORMER, 34.5 KV/277 VOL, 60HZ",UNIT,1,95,INDUSTRIAL GLOBAL SOLUTIONS,35.53
D4C63EF7,2025-01-14,ENCAPSULATED THREE-PHASE 75 KVA TRANSFORMER,UNIT,1,SDO-FO-ADC-02,ELECTRA-NETWORK SUPPLY,35.61
D4C63EF7,2025-01-14,ENCAPSULATED THREE-PHASE 75 KVA TRANSFORMER,UNIT,1,SDO-FO-ADC-02,ELECTRA-NETWORK SUPPLY,35.61
7A8DBBE1,2025-01-14,X/O 3-1/2 EUE PIN X 5-1/2 LTC BOX,UNIT,4,SDO-PERF-25-004,ELECTRA-NETWORK SUPPLY,34.82
5D901F1D,2025-01-15,900 AMP BATTERY,UNIT,10,SDO-FO-ADC-02,INDUSTRIAL GLOBAL SOLUTIONS,315.96
871B599D,2025-01-15,1150 AMP BATTERY,UNIT,10,SDO-FO-ADC-02,INDUSTRIAL GLOBAL SOLUTIONS,323.88
4664C50D,2025-01-17,DIESEL/GASOLINE 10W-30 OIL,DRUM,1,SDO-FO-ADC-02,INDUSTRIAL GLOBAL SOLUTIONS,15.74
D3DAE3F6,2025-01-17,DIESEL ENGINE OIL FILTER P/N 90915-30002 ALT W-6357,UNIT,10,SDO-FO-ADC-02,GENERAL SERVICES & LOGISTICS CO.,15.8
F5D7C8A9,2025-01-17,BATTERY FOR K802N UPS MODEL,UNIT,48,SDO-FO-ADC-02,GENERAL SERVICES & LOGISTICS CO.,322.76
1656FC73,2025-01-22,TERMINAL TYPE BARRACUDA BIMETAL DOUBLE EYE FOR 500 MCM CABLE,UNIT,18,NOT SPECIFIED,ELECTRA-NETWORK SUPPLY,13.34
FBE0E73F,2025-01-22,SHINY OIL RED PAINT,GALLON,2,NOT SPECIFIED,ELECTRA-NETWORK SUPPLY,34.69
4D143330,2025-01-22,DIFFUSED ALUMINUM PAINT,GALLON,2,NOT SPECIFIED,INDUSTRIAL GLOBAL SOLUTIONS,35.55
412952F2,2025-01-23,"167.5 KVA POWER TRANSFORMER, 34.5 KV/277 VOL, 60HZ",UNIT,1,95,GENERAL SERVICES & LOGISTICS CO.,35.44
A637D8CD,2025-01-23,LEATHER GLOVES,PAIR,48,102,INDUSTRIAL GLOBAL SOLUTIONS,3.65
6C654839,2025-01-23,PVC DOTTED COTTON GLOVE,,48,102,GENERAL SERVICES & LOGISTICS CO.,0.84
3CEE8E5C,2025-01-23,"POST CLAMP FOR 5-1/2""",UNIT,20,NOT SPECIFIED,GENERAL SERVICES & LOGISTICS CO.,12.9
8130CF74,2025-01-23,"POST CLAMP FOR 7-1/2""",UNIT,20,NOT SPECIFIED,ELECTRA-NETWORK SUPPLY,12.63
C2A39C29,2025-01-23,"POST CLAMP FOR 8-1/2""",UNIT,10,NOT SPECIFIED,INDUSTRIAL GLOBAL SOLUTIONS,12.78
1622138F,2025-01-23,CROSSBARS FOR POSTS,UNIT,5,NOT SPECIFIED,INDUSTRIAL GLOBAL SOLUTIONS,34.56
9052416D,2025-01-25,POWER CABLE 3/C 3/0 AWG AL 80075°C 600V,METER,2700,103,GENERAL SERVICES & LOGISTICS CO.,35.05
E4B527AA,2025-01-25,COPPER BARS 50 CM LONG X 40 MM WIDE X 10 MM THICK,UNIT,6,104,ELECTRA-NETWORK SUPPLY,35.25
E9E77786,2025-02-01,"ELECTRIC MOTORS OF 75 HP ,460V,ROTEK BRAND",UNIT,17,107,GENERAL SERVICES & LOGISTICS CO.,34.92
E9E77786,2025-02-01,"ELECTRIC MOTORS OF 75 HP ,460V,ROTEK BRAND",UNIT,18,108,INDUSTRIAL GLOBAL SOLUTIONS,34.51
6B32BCA1,2025-02-04,POLYMERIC SUSPENSION INSULATORS 69 KV,UNIT,480,SDO-SSEE-28-008,GENERAL SERVICES & LOGISTICS CO.,34.5
F6E6A08D,2025-02-04,2000 KVA POWER TRANSFORMER; 34.5 KV; 480-277V,UNIT,1,110,ELECTRA-NETWORK SUPPLY,35.31
4FFA0DE4,2025-02-04,"7 STRANDS GALVANIZED STEEL GUY WIRE 3/8"" INCHES",METER,35000,SDO-SSEE-28-007,GENERAL SERVICES & LOGISTICS CO.,34.48
C7FBACCB,2025-02-05,RECIPROCATING PUMP FX02,UNIT,1,112,GENERAL SERVICES & LOGISTICS CO.,35.35
CBD38BA7,2025-02-05,THREE-POLE SWITCHES 34.5 KV 600 AMP.,UNIT,4,SDO-SSEE-28-008,INDUSTRIAL GLOBAL SOLUTIONS,34.75
937773A4,2025-02-05,"HUB BUSHING E 2-7/8""",UNIT,6,74,ELECTRA-NETWORK SUPPLY,34.71
F1A0C5E1,2025-02-05,"TWIN SCREWS BMF BORNEMAN 9,5Z",PAIR,1,85,ELECTRA-NETWORK SUPPLY,35.5
831225DA,2025-02-05,SYNCHRONIZATION GEAR FOR BMF,UNIT,1,85,INDUSTRIAL GLOBAL SOLUTIONS,34.58
BF19B429,2025-02-06,"TORQUE ANCHOR 9 5/8 X 4-1/2"" EUE",UNIT,49,SDO-PERF-25-003,ELECTRA-NETWORK SUPPLY,34.52
0CE14085,2025-02-06,PROGRESSIVE CAVITY PUMPS 18-1600,UNIT,2,SDO-PERF-25-004,ELECTRA-NETWORK SUPPLY,35.54
A637D8CD,2025-02-06,LEATHER GLOVES,PAIR,15,113,ELECTRA-NETWORK SUPPLY,3.65
6C654839,2025-02-06,PVC DOTTED COTTON GLOVE,,16,113,GENERAL SERVICES & LOGISTICS CO.,0.84
B694273B,2025-02-07,TELESCOPIC STEEL POST OF 18 METERS LENGTH,UNIT,30,SDO-SSEE-28-010,INDUSTRIAL GLOBAL SOLUTIONS,35.28
0143330C,2024-02-07,CURRENT INTAKE,UNIT,6,114,GENERAL SERVICES & LOGISTICS CO.,34.55
2E9F49CC,2025-02-07,NORMAL EXTINGUISHERS,UNIT,3,114,ELECTRA-NETWORK SUPPLY,35.2
8D9C2124,2025-02-07,MECHANICAL CAT FOR DOOR,UNIT,1,114,ELECTRA-NETWORK SUPPLY,35.37
9D91AADD,2025-02-07,LED LAMPS FOR INTERIORS,UNIT,2,114,GENERAL SERVICES & LOGISTICS CO.,34.84
39F694D3,2025-02-07,#14 AWG 105° BLACK COLOR CABLE,METER,100,114,GENERAL SERVICES & LOGISTICS CO.,34.75
689796DA,2025-02-07,#14 AWG 105° RED COLOR CABLE,METER,100,114,GENERAL SERVICES & LOGISTICS CO.,35.36
245C06B0,2025-02-07,#14 AWG 105° WHITE COLOR CABLE,METER,100,114,ELECTRA-NETWORK SUPPLY,35.07
102E4655,2025-02-07,#14 AWG 105° BLUE COLOR CABLE,METER,100,114,GENERAL SERVICES & LOGISTICS CO.,34.61
7F3BD1F4,2025-02-07,CONTROL CABLE CALIBER #18 AWG COLOR RED,METER,300,114,ELECTRA-NETWORK SUPPLY,34.42
E00E4490,2025-02-07,CONTROL CABLE CALIBER #18 AWG COLOR BLACK,METER,300,114,INDUSTRIAL GLOBAL SOLUTIONS,35.49
2BCA22AF,2025-02-07,GASKET SHEET,,5,114,GENERAL SERVICES & LOGISTICS CO.,1.81
8B66F52D,2025-02-07,PHOTO CELL WITH BASE,,2,114,INDUSTRIAL GLOBAL SOLUTIONS,33.38
3EB32853,2025-02-07,INDUSTRIAL LED REFLECTOR 400 W,SET,23,114,INDUSTRIAL GLOBAL SOLUTIONS,34.59
4D9C521A,2025-02-07,PANEL BREAKER OF 20 AMP,,10,114,GENERAL SERVICES & LOGISTICS CO.,17.36
CDE17855,2025-02-07,60 AMP TRIPOLAR BREAKER,UNIT,3,114,INDUSTRIAL GLOBAL SOLUTIONS,35.35
932DEE17,2025-02-07,TERMINAL BARRACUDA FOR 3/0 CABLE,UNIT,230,114,GENERAL SERVICES & LOGISTICS CO.,11.09
F19C2F26,2025-02-07,TERMINAL TYPE BARRACUDA BIMETAL DOUBLE EYE FOR 350 MCM CABLE,UNIT,12,114,INDUSTRIAL GLOBAL SOLUTIONS,13.23
D2EFDF01,2025-02-07,ELECTRICAL TAPE 33,ROLL,25,114,ELECTRA-NETWORK SUPPLY,13.7
9AEA11D3,2025-02-07,RUBBER SPLICING TAPE 23,ROLL,25,114,ELECTRA-NETWORK SUPPLY,26.48
A87F792D,2025-02-07,LARGE BLACK TIRAP,UNIT,2,114,GENERAL SERVICES & LOGISTICS CO.,35.14
65AFF6E1,2025-02-07,BLACK MEDIUM TIRAP,PACKAGE,5,114,ELECTRA-NETWORK SUPPLY,19.18
783D3FA5,2025-02-07,SMALL BLACK TIRAP,UNIT,10,114,INDUSTRIAL GLOBAL SOLUTIONS,34.36
5BAA4318,2025-02-07,INDUSTRIAL BREAKER OF 250 AMP,,6,114,ELECTRA-NETWORK SUPPLY,675.83
036A38FE,2025-02-07,50 AMP THREE-POLE BREAKER,UNIT,2,114,ELECTRA-NETWORK SUPPLY,34.35
9052416D,2025-02-08,POWER CABLE 3/C 3/0 AWG AL 80075°C 600V,METER,2000,116,ELECTRA-NETWORK SUPPLY,35.35
3CEE8E5C,2025-02-08,"POST CLAMP FOR 5-1/2""",UNIT,150,SDO-SSEE-28-015,GENERAL SERVICES & LOGISTICS CO.,12.68
1622138F,2025-02-08,CROSSBARS FOR POSTS,UNIT,75,SDO-SSEE-28-012,ELECTRA-NETWORK SUPPLY,34.64
37DC4653,2025-02-08,EYE NUT FOR 5/8 BOLT,UNIT,480,SDO-SSEE-28-013,GENERAL SERVICES & LOGISTICS CO.,34.86
E96EB6B1,2025-02-08,EXPANSION ANCHOR,UNIT,100,SDO-SSEE-28-014,ELECTRA-NETWORK SUPPLY,35.13
3CEE8E5C,2025-02-08,"POST CLAMP FOR 5-1/2""",UNIT,150,SDO-SSEE-28-011,ELECTRA-NETWORK SUPPLY,12.67
69F18A40,2025-02-08,5/8 INCH CABLE TIES,UNIT,150,SDO-SSEE-28-016,GENERAL SERVICES & LOGISTICS CO.,34.51
731224C0,2025-02-08,3-1/2 INCH CLAMPS,UNIT,50,SDO-SSEE-28-017,ELECTRA-NETWORK SUPPLY,35.21
04D1D82D,2025-02-09,FUSE HOLDERS FOR CABLE #16 EUROPEAN MODEL FTB,UNIT,500,SDO-SSEE-28-017,GENERAL SERVICES & LOGISTICS CO.,35.15
DDBB7E7F,2025-02-09,FUSES FOR FTB HOLDER EUROPEAN MODEL,UNIT,120,SDO-SSEE-28-017,ELECTRA-NETWORK SUPPLY,35.0
A45C36E3,2025-02-09,TERMINAL TYPE EYE FOR NUMBER 10 CABLE,UNIT,200,SDO-SSEE-28-017,INDUSTRIAL GLOBAL SOLUTIONS,13.5
734D7C3C,2025-02-09,STROBOSCOPIC LIGHT,UNIT,1,SDO-SSEE-28-017,ELECTRA-NETWORK SUPPLY,35.53
795585F7,2025-02-09,SOUND ALARM,UNIT,1,SDO-SSEE-28-017,ELECTRA-NETWORK SUPPLY,34.49
5BAA4318,2025-02-09,INDUSTRIAL BREAKER OF 250 AMP,,25,SDO-SSEE-28-017,INDUSTRIAL GLOBAL SOLUTIONS,675.83
2E18C0F5,2025-02-09,INDUSTRIAL BREAKER OF 1250 AMP,,4,SDO-SSEE-28-017,INDUSTRIAL GLOBAL SOLUTIONS,4500.0
B45BE289,2025-02-09,THREE-PHASE SERVICE PANEL OF 24 CIRCUITS,UNIT,5,SDO-SSEE-28-017,ELECTRA-NETWORK SUPPLY,35.69
1D32909A,2025-02-09,TERMINAL FORK TYPE NUMBER 14,UNIT,275,SDO-SSEE-28-017,ELECTRA-NETWORK SUPPLY,13.37
4C8DBBFC,2025-02-09,CONTACTOR FOR LIGHTING SYSTEM 75-100 AMP COIL 110/220,UNIT,1,SDO-SSEE-28-017,ELECTRA-NETWORK SUPPLY,35.0
A637D8CD,2025-02-12,LEATHER GLOVES,PAIR,9,SDO-FO-ADC-02,INDUSTRIAL GLOBAL SOLUTIONS,3.65
6C654839,2025-02-12,PVC DOTTED COTTON GLOVE,,8,SDO-FO-ADC-02,GENERAL SERVICES & LOGISTICS CO.,0.84
F6E6A08D,2025-02-13,2000 KVA POWER TRANSFORMER; 34.5 KV; 480-277V,UNIT,1,SDO-FO-ADC-02,INDUSTRIAL GLOBAL SOLUTIONS,35.51
B694273B,2025-02-13,TELESCOPIC STEEL POST OF 18 METERS LENGTH,UNIT,30,SDO-SSEE-28-019,INDUSTRIAL GLOBAL SOLUTIONS,34.39
5F40A897,2025-02-14,"BLIND PLUG 4 1/2 "" EUE BOX EXTREME RED",UNIT,8,SDO-PERF-25-006,GENERAL SERVICES & LOGISTICS CO.,35.04
65405306,2025-02-14,4 1/2 IN EUE 3000 PSI DRAIN VALVE,UNIT,8,SDO-PERF-25-006,GENERAL SERVICES & LOGISTICS CO.,35.4
0A24F55C,2025-02-14,"CROSSOVER 5-1/2"" LTC BOX - 4 1/2"" 12,75 #EUE PIN - 12 "" LONG",UNIT,30,SDO-PERF-25-005,ELECTRA-NETWORK SUPPLY,35.54
A5E39AB8,2025-02-14,XCD POLYMER,SACK,70,SDO-PERF-25-006,GENERAL SERVICES & LOGISTICS CO.,34.4
2642B491,2025-02-15,BCP OF 200-300 RPM WITH ROTOR AND CONNECTIONS MODEL 35-1600,,5,SDO-PERF-25-007,GENERAL SERVICES & LOGISTICS CO.,34.86
AF64EA50,2025-02-15,BCP OF 300-300 BPD 400 RPM WITH ROTOR AND CONNECTIONS,UNIT,3,SDO-PERF-25-007,ELECTRA-NETWORK SUPPLY,35.7
5CE3CA07,2025-02-15,BCP OF 400-500 400 RPM WITH ROTOR AND CONNECTIONS,UNIT,1,SDO-PERF-25-007,ELECTRA-NETWORK SUPPLY,35.14
167FA4BC,2025-02-15,BCP 600 A 800 BPD A 100 RPM/5000 FT (98-1600),UNIT,2,SDO-PERF-25-007,ELECTRA-NETWORK SUPPLY,34.51
B694273B,2025-02-15,TELESCOPIC STEEL POST OF 18 METERS LENGTH,UNIT,30,SDO-PERF-25-007,GENERAL SERVICES & LOGISTICS CO.,35.37
146C1F85,2025-02-17,"POLYMER LIGHTNING ROD 34,5 KVA",UNIT,226,SDO-SSEE-28-020,INDUSTRIAL GLOBAL SOLUTIONS,35.36
CBE0CC7E,2025-02-17,"CIRCUIT BREAKER 34,5 KVA",UNIT,15,SDO-SSEE-28-021,ELECTRA-NETWORK SUPPLY,34.37
7932B729,2025-02-17,CURRENT TRANSFORMER 15-27 KVA,UNIT,15,SDO-SSEE-28-022,GENERAL SERVICES & LOGISTICS CO.,34.58
E891B06E,2025-02-17,COLLAR FOR ROD 5/8,UNIT,120,SDO-SSEE-28-023,INDUSTRIAL GLOBAL SOLUTIONS,35.48
8D9C2124,2025-02-17,MECHANICAL CAT FOR DOOR,UNIT,5,126,GENERAL SERVICES & LOGISTICS CO.,35.07
D3223145,2025-02-17,"MAYER HUB OF 3/4""",UNIT,65,126,GENERAL SERVICES & LOGISTICS CO.,35.2
1656FC73,2025-02-17,TERMINAL TYPE BARRACUDA BIMETAL DOUBLE EYE FOR 500 MCM CABLE,UNIT,80,126,GENERAL SERVICES & LOGISTICS CO.,13.51
0143330C,2025-02-17,CURRENT INTAKE,UNIT,5,126,ELECTRA-NETWORK SUPPLY,35.17
DA7F1FCA,2025-02-17,SMOKE DETECTOR,UNIT,1,126,GENERAL SERVICES & LOGISTICS CO.,34.85
17B53B32,2025-02-17,EMERGENCY LAMP,UNIT,1,126,INDUSTRIAL GLOBAL SOLUTIONS,34.33
ED890F3E,2025-02-17,ELECTRICAL CONTACT CLEANER SPRAY,UNIT,1,126,INDUSTRIAL GLOBAL SOLUTIONS,35.08
9799C359,2025-02-17,POLYURETHANE SPRAY,UNIT,1,126,INDUSTRIAL GLOBAL SOLUTIONS,35.67
EB8526BC,2025-02-17,25 AMP BREAKER FOR RAIL DIM,UNIT,4,126,GENERAL SERVICES & LOGISTICS CO.,35.57
A84854A3,2025-02-17,16 AMP BREAKER FOR RAIL DIM,UNIT,1,126,INDUSTRIAL GLOBAL SOLUTIONS,34.76
871DD926,2025-02-17,"MAYER HUB OF 1/2""",UNIT,20,126,ELECTRA-NETWORK SUPPLY,35.55
A637D8CD,2025-02-17,LEATHER GLOVES,PAIR,1200,125,GENERAL SERVICES & LOGISTICS CO.,3.65
6C654839,2025-02-17,PVC DOTTED COTTON GLOVE,,556,125,ELECTRA-NETWORK SUPPLY,0.84
5655161A,2025-02-17,DISPOSABLE INSERTION HEARING PROTECTOR,BOX,4,125,ELECTRA-NETWORK SUPPLY,35.51
CBD38BA7,2025-02-20,THREE-POLE SWITCHES 34.5 KV 600 AMP.,UNIT,5,SDO-FO-ADC-02,ELECTRA-NETWORK SUPPLY,35.18
A60891C2,2025-02-20,BOSH REROTH NEUMATIC PISTON,UNIT,2,128,ELECTRA-NETWORK SUPPLY,35.16
BC24802A,2025-02-21,"2 AWG BT 1H 1/2"" TERMINAL CONNECTOR",UNIT,200,SDO-SSEE-28-033,ELECTRA-NETWORK SUPPLY,13.39
F6D1A7E8,2025-02-21,TERMINAL CAP 5 KV FOR 500 MCM CABLE,UNIT,1,SDO-SSEE-28-028,GENERAL SERVICES & LOGISTICS CO.,13.54
ECFC93BB,2025-02-21,STRAIGHT COLLAR 350 MCM ALUMINUM,UNIT,200,SDO-SSEE-28-034,INDUSTRIAL GLOBAL SOLUTIONS,35.08
6CDFA5D5,2025-02-21,TERMINAL CAP 35 KV EXT 750 MCM,UNIT,12,SDO-SSEE-28-029,INDUSTRIAL GLOBAL SOLUTIONS,13.15
319BD12B,2025-02-21,"350 MCM TERMINAL CONNECTOR  BT 1H 1/2""",UNIT,150,SDO-SSEE-28-031,ELECTRA-NETWORK SUPPLY,13.27
3D4F857B,2025-02-21,"500 MCM TERMINAL CONNECTOR  BT 1H 1/2""",UNIT,132,SDO-SSEE-28-032,ELECTRA-NETWORK SUPPLY,13.54
3CEE8E5C,2025-02-21,"POST CLAMP FOR 5-1/2""",UNIT,150,SDO-SSEE-28-030,ELECTRA-NETWORK SUPPLY,12.81
B22711F6,2025-02-22,"PRODUCTION PIPE 5-1/2"" LTC 17 LBS/FT, GRADE J55",JTS,800,SDO-PERF-25-008,INDUSTRIAL GLOBAL SOLUTIONS,35.05
7D26BE50,2025-02-22,COPPER BAR 4MTS X 4CM,UNIT,5,NOT SPECIFIED,GENERAL SERVICES & LOGISTICS CO.,34.89
CBD38BA7,2025-02-26,THREE-POLE SWITCHES 34.5 KV 600 AMP.,UNIT,5,SDO-SSEE-28-36,INDUSTRIAL GLOBAL SOLUTIONS,34.79
CBD38BA7,2025-02-27,THREE-POLE SWITCHES 34.5 KV 600 AMP.,UNIT,1,SDO-SSEE-28-38,INDUSTRIAL GLOBAL SOLUTIONS,34.99
A65E0D75,2025-02-28,COPPERWELD BAR CONNECTOR,UNIT,100,SDO-SEE-28-37,INDUSTRIAL GLOBAL SOLUTIONS,34.56
9052416D,2025-03-01,POWER CABLE 3/C 3/0 AWG AL 80075°C 600V,METER,500,136,GENERAL SERVICES & LOGISTICS CO.,35.35
E4F89B17,2025-03-01,"POWER CABLE 3/C 12 AWG CU XLPE 90° 600V, 7 STRANDS SOFT COPPER CONDUCTOR CLASS B INTERLOCKED ALUMINUM ARMOR",METER,400,136,INDUSTRIAL GLOBAL SOLUTIONS,34.34
8FC8088A,2025-03-01,"POWER CABLE  3/C 10AWG CU XLPE 90° 600V, 7 STRANDS SOFT COPPER CONDUCTOR CLASS B INTERLOCKED ALUMINUM ARMOR",METER,300,136,INDUSTRIAL GLOBAL SOLUTIONS,34.34
B87ED95E,2025-03-01,CU 2 AWG CLASS B SOFT 7 STRANDS CONDUCTOR,UNIT,750,136,ELECTRA-NETWORK SUPPLY,34.36
48AAA224,2025-03-01,HIGH PRESSURE / HYDRAULIC MOTOR VALVE KIT,UNIT,1,SDO-FO-ADC-02,INDUSTRIAL GLOBAL SOLUTIONS,34.66
412952F2,2025-03-01,"167.5 KVA POWER TRANSFORMER, 34.5 KV/277 VOL, 60HZ",UNIT,4,135,INDUSTRIAL GLOBAL SOLUTIONS,34.56
340096B1,2025-03-01,FREQUENCY DRIVE FOR 75 HP ELECTRIC SUBMERSIBLE PUMP,UNIT,3,SDO-PERF-25-011,GENERAL SERVICES & LOGISTICS CO.,2823.39
220DE481,2025-03-01,ELECTROSUBMERSIBLE PUMP (3000-6000 BPD),UNIT,3,SDO-PERF-25-011,GENERAL SERVICES & LOGISTICS CO.,35.01
BE9229BA,2025-02-27,ROTARY HEAD ALTAN BRAND DOUBLE MOTOR 150 HP (75 HP EACH),UNIT,10,129,GENERAL SERVICES & LOGISTICS CO.,34.36
24C6C153,2025-03-03,"ADAPTER 4 1/16"" TO 3 1/8""",UNIT,5,130,GENERAL SERVICES & LOGISTICS CO.,34.32
F6E6A08D,2025-03-03,2000 KVA POWER TRANSFORMER; 34.5 KV; 480-277V,UNIT,1,136,ELECTRA-NETWORK SUPPLY,35.54
F8D5FE3A,2025-03-05,FUSES OF 2 AMP MODEL A480T2E,UNIT,6,133,GENERAL SERVICES & LOGISTICS CO.,34.74
7A8DBBE1,2025-03-05,X/O 3-1/2 EUE PIN X 5-1/2 LTC BOX,UNIT,23,SDO-PERF-25-010,INDUSTRIAL GLOBAL SOLUTIONS,34.48
BF8C5772,2025-03-05,PROGRESSIVE CAVITY PUMP 700 A 800 BDL/100 RPM 5000A,UNIT,2,9,ELECTRA-NETWORK SUPPLY,34.98
31E70F9A,2025-03-07,HYDRAULIC MOTOR JINAN FOCOR,UNIT,2,SDO-GL-TURB-013,ELECTRA-NETWORK SUPPLY,35.69
A40EA798,2025-03-07,HYDRAULIC PUMP A2FO56/61L-VPB05-S,UNIT,3,SDO-GL-TURB-012,GENERAL SERVICES & LOGISTICS CO.,35.67
E17CA98A,2025-03-07,OIL FILTER TYPE ELEMENT HP1351A10AN770,UNIT,12,SDO-GL-TURB-09,ELECTRA-NETWORK SUPPLY,15.73
582C22D5,2025-03-07,POWER SUPPLY DSSR 122 / DC INPUT 18-30VCC 280W,UNIT,1,SDO-GL-TURB-10,GENERAL SERVICES & LOGISTICS CO.,35.61
417B2009,2025-03-07,POWER SOURCE +/- 24VCC/ INPUT AC 98-132V 50/60 HZ,UNIT,4,SDO-GL-TURB-11,GENERAL SERVICES & LOGISTICS CO.,34.61
E451A774,2025-03-07,"MEDIUM VOLTAGE FUSE 4,8 KV , 4 AMP",UNIT,5,134,ELECTRA-NETWORK SUPPLY,35.37
01052EEE,2025-03-08,BIMETALLIC KSU CONNECTORS 2-0,UNIT,100,SDO-SSEE-28-041,INDUSTRIAL GLOBAL SOLUTIONS,34.79
6BCC95E5,2025-03-08,AIR COMPRESSOR FOR INSTRUMENTS AND STARTING AIR,UNIT,1,SDO-GL-TURBO-014,INDUSTRIAL GLOBAL SOLUTIONS,34.98
EBCE636F,2025-03-08,2 AMP BREAKER FOR RAIL DIM,UNIT,1,10,INDUSTRIAL GLOBAL SOLUTIONS,34.77
C2A2B8E4,2025-03-08,4 AMP BREAKER FOR RAIL DIM,UNIT,1,10,INDUSTRIAL GLOBAL SOLUTIONS,35.67
BB3A735C,2025-03-08,10 AMP BREAKER FOR RAIL DIM,UNIT,1,10,ELECTRA-NETWORK SUPPLY,35.41
F15FE52F,2025-03-08,FUSE FOR 3A HOLDER,UNIT,10,10,INDUSTRIAL GLOBAL SOLUTIONS,34.55
B5E4DF2E,2025-03-08,FUSE FOR 5A HOLDER,UNIT,10,10,INDUSTRIAL GLOBAL SOLUTIONS,35.03
04D1D82D,2025-03-08,FUSE HOLDERS FOR CABLE #16 EUROPEAN MODEL FTB,UNIT,500,10,GENERAL SERVICES & LOGISTICS CO.,35.63
C725D9DD,2025-03-08,FUSELESS HOLDER FOR RAIL DIM CABLE NO 10 EUROPEAN MODEL,UNIT,30,10,INDUSTRIAL GLOBAL SOLUTIONS,35.57
4C8DBBFC,2025-03-08,CONTACTOR FOR LIGHTING SYSTEM 75-100 AMP COIL 110/220,UNIT,4,10,INDUSTRIAL GLOBAL SOLUTIONS,35.56
79D25866,2025-03-08,SECURITY LOCK TYPE EXTERNAL HANDLE AND FIRE SYSTEM,UNIT,6,10,GENERAL SERVICES & LOGISTICS CO.,35.41
854BA587,2025-03-08,15 AMP MONOPOLAR BREAKER,UNIT,11,10,ELECTRA-NETWORK SUPPLY,35.21
BC24802A,2025-03-08,"2 AWG BT 1H 1/2"" TERMINAL CONNECTOR",UNIT,710,10,INDUSTRIAL GLOBAL SOLUTIONS,13.09
C8234BE2,2025-03-08,"TEMPERATURE TRANSMITTER 3144P CONNECTION 1/2"" NPT",UNIT,8,10,ELECTRA-NETWORK SUPPLY,34.41
128A938F,2025-03-08,"PRESSURE TRANSMITTER 30515 CONNECTION 1/2"" NPT",UNIT,6,10,INDUSTRIAL GLOBAL SOLUTIONS,34.38
C78941C7,2025-03-08,TEMPERATURE ELEMENT RTD WITHOUT THERMOWELL LENGTH 15 CM,UNIT,4,10,INDUSTRIAL GLOBAL SOLUTIONS,35.21
DC00F912,2025-03-08,BELT 5V1180,UNIT,35,10,INDUSTRIAL GLOBAL SOLUTIONS,84.96
26EF527C,2025-03-08,BELT 5VX1120,UNIT,36,10,ELECTRA-NETWORK SUPPLY,34.84
31E70F9A,2025-03-08,HYDRAULIC MOTOR JINAN FOCOR,UNIT,1,SDO-GL-TURBO-015,ELECTRA-NETWORK SUPPLY,35.2
95228A1B,2025-03-10,CYLINDRICAL ROLLER BEARING SINGLE ROW NJ214E,UNIT,4,NOT SPECIFIED,GENERAL SERVICES & LOGISTICS CO.,35.32
1BD9E462,2025-03-10,SPHERICAL ROLLER THRUST BEARINGS 29420E,UNIT,5,NOT SPECIFIED,INDUSTRIAL GLOBAL SOLUTIONS,35.25
4AA682FD,2025-03-10,CYLINDRICAL ROLLER BEARING SINGLE ROW  NJ221E,UNIT,5,NOT SPECIFIED,INDUSTRIAL GLOBAL SOLUTIONS,35.42
B1B91034,2025-03-10,DEEP GROOVE BALL BEARING 16024,UNIT,9,NOT SPECIFIED,ELECTRA-NETWORK SUPPLY,35.24
3C46ADB5,2025-03-10,DOUBLE LIP RADIAL SEAL CR-32397,UNIT,4,NOT SPECIFIED,INDUSTRIAL GLOBAL SOLUTIONS,35.59
C9A6B970,2025-03-10,DOUBLE LIP RADIAL SEAL CR-24988,UNIT,5,NOT SPECIFIED,INDUSTRIAL GLOBAL SOLUTIONS,34.44
056C2221,2025-03-10,SEAL IN V VA-080,SET,5,NOT SPECIFIED,ELECTRA-NETWORK SUPPLY,34.77
DC00F912,2025-03-10,BELT 5V1180,UNIT,65,NOT SPECIFIED,GENERAL SERVICES & LOGISTICS CO.,84.96
0754BE5C,2025-03-10,1/8 NPT BREATHING VALVE,UNIT,5,NOT SPECIFIED,GENERAL SERVICES & LOGISTICS CO.,34.54
26EF527C,2025-03-10,BELT 5VX1120,UNIT,64,NOT SPECIFIED,GENERAL SERVICES & LOGISTICS CO.,35.43
2092F63E,2025-03-14,FREQUENCY DRIVE ABB VOLTAGE 480 POWER 150 HP,UNIT,5,16,GENERAL SERVICES & LOGISTICS CO.,2882.23
B3A5B1C9,2025-03-14,FREQUENCY DRIVE ABB VOLTAGE 480 POWER 100 HP,UNIT,5,16,ELECTRA-NETWORK SUPPLY,2854.47
B9EF7F3B,2025-03-18,ELECTRICAL POWER QUALITY EQUIPMENT MYEBOX-1500 + 4 FLEX-R80 KIT-4-FLEX R80,UNIT,1,SDO-MIG-MTTO-001,ELECTRA-NETWORK SUPPLY,34.76
9370C97A,2025-03-20,BCP 400 A 500 BPD A 100 RPM/5000 FT (64-1600),UNIT,2,17,GENERAL SERVICES & LOGISTICS CO.,35.62
3E4BA5ED,2025-03-19,TIRES 295/80R22.5,UNIT,6,146,INDUSTRIAL GLOBAL SOLUTIONS,34.72
C362BA41,2025-03-19,BRAKE FLUIDS,,10,146,GENERAL SERVICES & LOGISTICS CO.,27.75
A404DBAB,2025-03-19,MULTIPURPOSE GREASE,UNIT,5,146,ELECTRA-NETWORK SUPPLY,34.58
68CA23FF,2025-03-19,SUPER DUTY SPARK PLUGS,UNIT,16,146,ELECTRA-NETWORK SUPPLY,35.26
D0CDA407,2025-03-19,TERMINAL,UNIT,30,146,GENERAL SERVICES & LOGISTICS CO.,13.89
89E2A500,2025-03-19,PDV 15W40 OIL,LITER,200,146,ELECTRA-NETWORK SUPPLY,15.64
12DFA487,2025-03-19,SEMI-SYNTHETIC SUPRA OIL 20W50,LITER,200,146,GENERAL SERVICES & LOGISTICS CO.,15.58
3CEE8E5C,2025-03-21,"POST CLAMP FOR 5-1/2""",UNIT,300,SDO-SSE-28-043,ELECTRA-NETWORK SUPPLY,12.85
5E0E6682,2025-03-22,PENETRATING DYE KIT,SET,1,SDO-GLINK-SL-001,ELECTRA-NETWORK SUPPLY,35.19
6EBA370F,2025-03-22,SURFLUB - 2601 (OIL BASED SURFACTANT,DRUM,5,SDO PERF- 25-015,INDUSTRIAL GLOBAL SOLUTIONS,15.59
4F42A5CE,2025-03-22,HIDROLUB PLUS (SURFACTANTE REDUCTOR DE DAÑO A LA FORMACION,DRUM,40,SDO PERF- 25-015,GENERAL SERVICES & LOGISTICS CO.,35.61
3CEE8E5C,2025-03-23,"POST CLAMP FOR 5-1/2""",UNIT,250,SDO-SEE-20-044,INDUSTRIAL GLOBAL SOLUTIONS,12.77
DAE0353A,2025-03-25,VDC BATTERY FOR DC BACKUP SYSTEM OF TG,UNIT,72,SDO-FO-ADC-02,ELECTRA-NETWORK SUPPLY,324.86
22B902F6,2025-09-26,"1 1/4"" X 25 FT PIN X PIN ROD",UNIT,200,SDO PERF- 25-014,ELECTRA-NETWORK SUPPLY,35.03
DAE0353A,2025-03-27,VDC BATTERY FOR DC BACKUP SYSTEM OF TG,UNIT,48,SDO-FO-ADC-02,INDUSTRIAL GLOBAL SOLUTIONS,322.68
2560A876,2025-03-27,"DYNAMIC GAS SEPARATOR 4 1/2"" X 2 7/8""",UNIT,4,SDO-PERF-25-012,INDUSTRIAL GLOBAL SOLUTIONS,34.31
EE677573,2025-03-27,"DYNAMIC GAS SEPARATOR 5 1/2"" X 3 1/2""",UNIT,4,SDO-PERF-25-012,GENERAL SERVICES & LOGISTICS CO.,35.54
F5C1743A,2025-03-25,REFLECTOR TYPE LIGHTING 400 W DEGREE OF PROTECTION IP66,UNIT,24,SDO-SSEE-28-045,INDUSTRIAL GLOBAL SOLUTIONS,35.58
FA0A0CC0,2025-03-27,"5 1/2"" EUE 3000 PSI DRAIN VALVE",UNIT,22,SDO PERF- 25-014,INDUSTRIAL GLOBAL SOLUTIONS,34.69
5F40A897,2025-03-27,"BLIND PLUG 4 1/2 "" EUE BOX EXTREME RED",UNIT,51,SDO- PERF-25-014,GENERAL SERVICES & LOGISTICS CO.,34.32
9370C97A,2025-03-28,BCP 400 A 500 BPD A 100 RPM/5000 FT (64-1600),UNIT,2,SDO-PERF-25-009,GENERAL SERVICES & LOGISTICS CO.,35.35
7B5E8CA8,2025-03-28,BCP 400 A 500 BPD A 100 RPM/5000 FT (80-1600),UNIT,4,SDO-PERF-25-009,GENERAL SERVICES & LOGISTICS CO.,34.47
3ED0E5BD,2025-03-29,LOW EFFICIENCY FILTER VENTILATION AIR SYSTEM,UNIT,60,SDO-GL-TURBO-024,GENERAL SERVICES & LOGISTICS CO.,48.45
24A1A27B,2025-03-29,LOW EFFICIENCY FILTER PLENUM INTAKE,UNIT,300,SDO-GL-TURBO-024,GENERAL SERVICES & LOGISTICS CO.,47.87
4D46E1B5,2025-03-29,BAG TYPE FILTER MODEL G3 1/2 63,UNIT,16,SDO-GL-TURBO-024,GENERAL SERVICES & LOGISTICS CO.,47.39
778F7EAC,2025-03-29,BAG TYPE FILTER MODEL G3 1/1 030,UNIT,32,SDO-GL-TURBO-024,ELECTRA-NETWORK SUPPLY,48.25
EDF9C840,2025-03-29,HIGH EFFICIENCY FILTER FOR PLENUM AREA ALTERNATOR,UNIT,216,SDO-GL-TURBO-024,ELECTRA-NETWORK SUPPLY,48.17
210130F3,2025-03-31,MULTIMETRIC GASKET KIT (O-RING),PACKAGE,2,SDO-GL-TURBO-025,INDUSTRIAL GLOBAL SOLUTIONS,34.57
8F96DC54,2025-03-31,SPIDER FOR ELECTRIC MOTOR COUPLING COOLING SYSTEM OF TURBOGENERATORS,UNIT,6,SDO-GL-TURBO-026,ELECTRA-NETWORK SUPPLY,34.32
3E967082,2025-02-27,WEG THREE-PHASE MOTOR NEMA 75 HP 230/460V 1200 RPM,EQUIPMENT,3,SDO-FO-ADC-02,INDUSTRIAL GLOBAL SOLUTIONS,34.89
F3F623C3,2025-04-01,XANTIC RANGE,SACK,100,SDO-PERF-25-021,GENERAL SERVICES & LOGISTICS CO.,35.57
B694273B,2025-04-02,TELESCOPIC STEEL POST OF 18 METERS LENGTH,UNIT,30,SDO-SSEE-28-046,GENERAL SERVICES & LOGISTICS CO.,34.55
80D4C4EB,2025-04-01,SEMPLE SAFETY VALVE,UNIT,2,SDO-GL-TURBO-028,INDUSTRIAL GLOBAL SOLUTIONS,35.08
5D80721B,2025-04-01,LESSER BRAND SAFETY VALVE,UNIT,2,SDO-GL-TURBO-029,GENERAL SERVICES & LOGISTICS CO.,34.51
DD451684,2025-04-01,FUEL GAS VALVE,UNIT,2,SDO-GL-TURBO-027,INDUSTRIAL GLOBAL SOLUTIONS,35.01
E19381BE,2025-04-03,COMPACT 3 TON AIR CONDITIONER,UNIT,2,SDO-GL-TURBO-030/31,ELECTRA-NETWORK SUPPLY,35.3
60FAD96A,2025-04-03,ROTARY HEAD ALTAN BRAND SINGLE WITH 100 HP MOTOR,UNIT,6,163,GENERAL SERVICES & LOGISTICS CO.,35.3
F3F623C3,2025-04-03,XANTIC RANGE,SACK,60,SDO-PERF-25-022,GENERAL SERVICES & LOGISTICS CO.,35.35
B4CD18F1,2025-05-08,ABB THREE-PHASE MOTOR NEMA 75 HP 230/460V 1200 RPM,UNIT,3,27,INDUSTRIAL GLOBAL SOLUTIONS,35.28
6E838C6A,2025-04-09,TERMINAL TYPE BARRACUDA ONE EYE FOR 3/0 CABLE,UNIT,255,156,GENERAL SERVICES & LOGISTICS CO.,8.54
D2EFDF01,2025-04-09,ELECTRICAL TAPE 33,ROLL,16,156,GENERAL SERVICES & LOGISTICS CO.,13.7
9AEA11D3,2025-04-09,RUBBER SPLICING TAPE 23,ROLL,16,156,INDUSTRIAL GLOBAL SOLUTIONS,26.48
854BA587,2025-04-09,15 AMP MONOPOLAR BREAKER,UNIT,12,156,GENERAL SERVICES & LOGISTICS CO.,35.26
C912DC39,2025-04-09,20 AMP MONOPOLAR BREAKER,UNIT,2,156,GENERAL SERVICES & LOGISTICS CO.,35.34
5BAA4318,2025-04-09,INDUSTRIAL BREAKER OF 250 AMP,,1,156,ELECTRA-NETWORK SUPPLY,675.83
A87F792D,2025-04-10,LARGE BLACK TIRAP,UNIT,1200,157,ELECTRA-NETWORK SUPPLY,35.11
BEC0E386,2025-04-12,POWER CABLE 3C 12 AWG ALUMINUM CONDUCTOR,METER,400,160,GENERAL SERVICES & LOGISTICS CO.,34.63
0C85B608,2025-04-12,INSTRUMENTATION CABLE 24 (16P) X 16 AWG,METER,200,160,INDUSTRIAL GLOBAL SOLUTIONS,34.76
8922FDA8,2025-04-12,"THREE-PHASE DRY TYPE TRANSFORMER, 45 KVA, 480/208- 120.INDOOR USE",UNIT,3,160,INDUSTRIAL GLOBAL SOLUTIONS,34.5
E48FC29B,2025-04-12,POLYPROPYLENE SAFETY HELMET HIGH IMPACT WING TYPE PEAK,UNIT,526,161,INDUSTRIAL GLOBAL SOLUTIONS,35.66
66D8DC1A,2025-04-12,FIRE FIGHTER FLAME RESISTANT PANTS NUMBER 38 BLUE-GREEN STRIPE,UNIT,1,161,ELECTRA-NETWORK SUPPLY,34.74
E32845FC,2025-04-12,FIRE FIGHTER FLAME RESISTANT PANTS NUMBER 40 BLUE-GREEN STRIPE,UNIT,1,161,INDUSTRIAL GLOBAL SOLUTIONS,34.98
65C14FAC,2025-04-12,FIRE FIGHTER FLAME RESISTANT PANTS NUMBER 42 BLUE-GREEN STRIPE,UNIT,3,161,INDUSTRIAL GLOBAL SOLUTIONS,35.54
4C2985F9,2025-04-12,FIRE FIGHTER FLAME RESISTANT PANTS NUMBER 44 BLUE-GREEN STRIPE,UNIT,1,161,ELECTRA-NETWORK SUPPLY,35.05
9E1E543E,2025-04-12,FIRE FIGHTER FLAME RESISTANT PANTS NUMBER 48 BLUE-GREEN STRIPE,UNIT,2,161,ELECTRA-NETWORK SUPPLY,34.5
B694273B,2025-04-12,TELESCOPIC STEEL POST OF 18 METERS LENGTH,UNIT,30,2,ELECTRA-NETWORK SUPPLY,35.08
4F42A5CE,2025-04-14,HIDROLUB PLUS (SURFACTANTE REDUCTOR DE DAÑO A LA FORMACION,DRUM,40,SDO-PERF-25-010,GENERAL SERVICES & LOGISTICS CO.,34.53
6EBA370F,2025-04-14,SURFLUB - 2601 (OIL BASED SURFACTANT,DRUM,5,SDO-PERF-25-010,ELECTRA-NETWORK SUPPLY,15.71
87AF304B,2025-04-15,CONTACTORS,UNIT,4,SDO-GL-TURBO-036,ELECTRA-NETWORK SUPPLY,35.44
A1A4221F,2025-04-15,THERMAL RELAY TA75 DU6,UNIT,3,SDO-GL-TURBO-035,ELECTRA-NETWORK SUPPLY,34.33
C6AA27DF,2025-04-24,GA 37 COMPRESSOR,UNIT,1,SDO-SM-003,GENERAL SERVICES & LOGISTICS CO.,34.47
96FBCC9A,2025-04-25,WEATHERFORD SINGLE ROTATION HEAD,UNIT,3,SDO-GL-CBZ-0004,ELECTRA-NETWORK SUPPLY,34.33
BEA088DC,2025-04-25,WEATHERFORD DUAL ROTATION HEAD,UNIT,5,SDO-GL-CBZ-0005,INDUSTRIAL GLOBAL SOLUTIONS,35.33
47B83641,2025-04-25,5VX-1180 BELT TYPE,UNIT,10,SDO-GL-CBZ-0006,GENERAL SERVICES & LOGISTICS CO.,35.01
B96CC59E,2025-04-25,V-BELT 5VX-1120,UNIT,8,SDO-GL-CBZ-0007,ELECTRA-NETWORK SUPPLY,35.26
44128687,2025-04-26,"TEMPERATURE ELEMENT TYPE RTD 20 CM THERMOWELL 1/2"" STAINLESS STEEL",UNIT,2,165,GENERAL SERVICES & LOGISTICS CO.,35.31
60FAD96A,2025-04-28,ROTARY HEAD ALTAN BRAND SINGLE WITH 100 HP MOTOR,UNIT,5,166,GENERAL SERVICES & LOGISTICS CO.,35.51
24C6C153,2025-04-29,"ADAPTER 4 1/16"" TO 3 1/8""",UNIT,5,166,INDUSTRIAL GLOBAL SOLUTIONS,34.66
EDAE6A1B,2025-05-01,BCP 300 A 400 BPD A 100 RPM/5000 FT (48-1600),UNIT,3,34,ELECTRA-NETWORK SUPPLY,34.71
C0E668DC,2025-05-02,DIESEL ENGINE STARTER P-921C,UNIT,1,SDO-VALESCO-001,INDUSTRIAL GLOBAL SOLUTIONS,35.6
B694273B,2025-05-02,TELESCOPIC STEEL POST OF 18 METERS LENGTH,UNIT,30,SDO-SSE-28-003,INDUSTRIAL GLOBAL SOLUTIONS,34.78
4307739A,2025-05-02,"PRODUCTION PIPE 4-1/2"" EUE 12.75 LBS/FT, GRADE J55",JTS,410,169,GENERAL SERVICES & LOGISTICS CO.,35.38
6BA85EAD,2025-05-02,"NIPPLE 4-1/2"" J55 12.75 LBS/FT",UNIT,30,169,ELECTRA-NETWORK SUPPLY,34.34
60FAD96A,2025-05-05,ROTARY HEAD ALTAN BRAND SINGLE WITH 100 HP MOTOR,UNIT,4,170,INDUSTRIAL GLOBAL SOLUTIONS,35.36
EDAE6A1B,2025-05-12,BCP 300 A 400 BPD A 100 RPM/5000 FT (48-1600),UNIT,8,41,GENERAL SERVICES & LOGISTICS CO.,35.4
AF65A8E5,2025-05-12,PROGRESSIVE CAVITY PUMP 600 A 700 BDL/100 RPM 5000A,UNIT,2,41,INDUSTRIAL GLOBAL SOLUTIONS,34.96
AD4FB973,2025-05-13,DUPLEX FILTER,UNIT,1,SDO GL TURBO 041,GENERAL SERVICES & LOGISTICS CO.,48.25
BA2FEAC0,2025-05-13,FILTERING ELEMENTS,UNIT,22,SDO GL TURBO 041,GENERAL SERVICES & LOGISTICS CO.,34.71
440657DA,2025-05-13,"ASSEMBLED BUSHING WITH ALL ITS ELEMENTS, (INSULATING ELEMENT (BUSHING ITSELF), LOWER CAP, FLANGE, UPPER CAP (BUSHING SUPPORT ON THE FLANGE, INSULATED ELECTRICAL CONDUCTOR 20KV, TIP EXTENSION (CONTACT WITH THE GRID COLLECTOR)",UNIT,2,SDO-CTL-001,GENERAL SERVICES & LOGISTICS CO.,34.85
088CF0F0,2025-05-13,INYECTORES,UNIT,8,SDO-VALESCO-002,GENERAL SERVICES & LOGISTICS CO.,35.34
890781C8,2025-05-13,BLOWER,UNIT,1,SDO-VALESCO-002,GENERAL SERVICES & LOGISTICS CO.,34.62
17B48252,2025-05-13,INJECTION PUMP,UNIT,1,SDO-VALESCO-002,ELECTRA-NETWORK SUPPLY,34.63
8CCCDD3E,2025-05-13,TURBO,UNIT,2,SDO-VALESCO-002,GENERAL SERVICES & LOGISTICS CO.,34.73
64DD279A,2025-05-14,FREQUENCY DRIVE OF 75 HP REPAIRED,UNIT,1,SDO-MTTO-002,ELECTRA-NETWORK SUPPLY,2795.11
E09CB590,2025-05-14,FREQUENCY DRIVE OF 150 HP REPAIRED,UNIT,3,SDO-MTTO-002,INDUSTRIAL GLOBAL SOLUTIONS,2897.02
9052416D,2025-05-14,POWER CABLE 3/C 3/0 AWG AL 80075°C 600V,METER,2100,181,GENERAL SERVICES & LOGISTICS CO.,35.27
83B8228B,2025-05-14,500 HP FREQUENCY DRIVES,UNIT,3,41,GENERAL SERVICES & LOGISTICS CO.,2855.02
F6E6A08D,2025-05-14,2000 KVA POWER TRANSFORMER; 34.5 KV; 480-277V,UNIT,1,40,GENERAL SERVICES & LOGISTICS CO.,34.38
2E4DC416,2025-05-15,ULTRAVIOLET FLAME SENSOR BRAND: HONEYWELL SERIAL: 10067497,UNIT,2,SDO-GL-TURBO-042,GENERAL SERVICES & LOGISTICS CO.,35.68
B3A5B1C9,2025-05-16,FREQUENCY DRIVE ABB VOLTAGE 480 POWER 100 HP,UNIT,5,43,INDUSTRIAL GLOBAL SOLUTIONS,2794.49
B957A637,2025-05-17,POWER CABLE 3/C 4/0 AWG AL8000 PE 75 °C/PVC,METER,1200,SDO-CTL-002,ELECTRA-NETWORK SUPPLY,34.81
9AEA11D3,2025-05-17,RUBBER SPLICING TAPE 23,ROLL,94,183,ELECTRA-NETWORK SUPPLY,26.48
D2EFDF01,2025-05-17,ELECTRICAL TAPE 33,ROLL,20,183,INDUSTRIAL GLOBAL SOLUTIONS,13.7
932DEE17,2025-05-17,TERMINAL BARRACUDA FOR 3/0 CABLE,UNIT,300,183,INDUSTRIAL GLOBAL SOLUTIONS,11.09
F85D1527,2025-05-17,HYDRA HOSE 5000PSI 2IN RUBBER,UNIT,12,44,ELECTRA-NETWORK SUPPLY,35.5
8CFA2384,2025-05-19,PUMP TAG: 000-P-950; B,UNIT,1,SDO-BOMB-MTT-001,ELECTRA-NETWORK SUPPLY,34.84
95A64293,2025-05-20,FLAME RESISTANT MAINTENANCE 40 RED-YELLOW STRIPE,UNIT,10,46,GENERAL SERVICES & LOGISTICS CO.,34.86
F9B157C7,2025-05-20,FLAME RESISTANT MAINTENANCE 42 RED-YELLOW STRIPE,UNIT,18,46,GENERAL SERVICES & LOGISTICS CO.,34.52
67569105,2025-05-20,FLAME RESISTANT MAINTENANCE 44 RED-YELLOW STRIPE,UNIT,22,46,ELECTRA-NETWORK SUPPLY,35.53
D9E77654,2025-05-20,FLAME RESISTANT MAINTENANCE 46 RED-YELLOW STRIPE,UNIT,5,46,ELECTRA-NETWORK SUPPLY,35.41
2587E396,2025-05-20,FLAME RESISTANT MAINTENANCE 48 RED-YELLOW STRIPE,UNIT,4,46,GENERAL SERVICES & LOGISTICS CO.,34.71
B361C8EC,2025-05-20,FLAME RESISTANT MAINTENANCE 50 RED-YELLOW STRIPE,UNIT,3,46,GENERAL SERVICES & LOGISTICS CO.,35.18
0C7F8608,2025-05-20,FLAME RESISTANT MAINTENANCE 52 RED-YELLOW STRIPE,UNIT,2,46,ELECTRA-NETWORK SUPPLY,35.41
7C288566,2025-05-20,FLAME RESISTANT MAINTENANCE 56 RED-YELLOW STRIPE,UNIT,1,46,INDUSTRIAL GLOBAL SOLUTIONS,34.44
0AED69CF,2025-05-20,FLAME RESISTANT SIHO-A 36 RED-GREEN STRIPE,UNIT,1,46,INDUSTRIAL GLOBAL SOLUTIONS,34.88
A8D5AE5F,2025-05-20,FLAME RESISTANT SIHO-A 38 RED-GREEN STRIPE,UNIT,1,46,INDUSTRIAL GLOBAL SOLUTIONS,34.99
BFFD5A89,2025-05-20,BRAGA RESIT FLAME SIHO-A 40 RED-GREEN STRIPE,UNIT,3,47,INDUSTRIAL GLOBAL SOLUTIONS,34.37
E4E013EA,2025-05-20,BRAGA RESIT FLAME SIHO-A 42 RED-GREEN STRIPE,UNIT,5,47,GENERAL SERVICES & LOGISTICS CO.,35.24
2E35F05D,2025-05-20,BRAGA RESIT FLAME SIHO-A 44 RED-GREEN STRIPE,UNIT,3,47,GENERAL SERVICES & LOGISTICS CO.,34.35
55958856,2025-05-20,BRAGA RESIT FLAME SIHO-A 46 RED-GREEN STRIPE,UNIT,2,47,ELECTRA-NETWORK SUPPLY,35.66
48CBD09F,2025-05-20,BRAGA RESIT FLAME SIHO-A 48 RED-GREEN STRIPE,UNIT,1,47,INDUSTRIAL GLOBAL SOLUTIONS,35.7
E392A747,2025-05-20,BRAGA RESIT FLAME SIHO-A 52 RED-GREEN STRIPE,UNIT,1,47,GENERAL SERVICES & LOGISTICS CO.,34.42
DFE871D0,2025-05-20,FIRE FIGHTER FLAME RESISTANT PANTS 38 BLUE/GREEN,UNIT,2,47,ELECTRA-NETWORK SUPPLY,34.35
9E5D23DA,2025-05-20,FIRE FIGHTER FLAME RESISTANT PANTS 40 BLUE/GREEN,UNIT,2,47,INDUSTRIAL GLOBAL SOLUTIONS,34.55
09E429EC,2025-05-20,FIRE FIGHTER FLAME RESISTANT PANTS 42 BLUE/GREEN,UNIT,6,47,ELECTRA-NETWORK SUPPLY,34.88
348D527B,2025-05-20,FIRE FIGHTER FLAME RESISTANT PANTS 44 BLUE/GREEN,UNIT,2,47,ELECTRA-NETWORK SUPPLY,35.05
AD8A659D,2025-05-20,FIRE FIGHTER FLAME RESISTANT PANTS 48 BLUE/GREEN,UNIT,4,47,GENERAL SERVICES & LOGISTICS CO.,35.53
5E21992D,2025-05-20,FIRE RESISTANT PANTS DSI 36 RED-BLACK STRIPE,UNIT,1,47,INDUSTRIAL GLOBAL SOLUTIONS,35.35
83227D0A,2025-05-20,FIRE RESISTANT PANTS DSI 38 RED-BLACK STRIPE,UNIT,4,47,ELECTRA-NETWORK SUPPLY,34.94
ED155F30,2025-05-20,FLAME RESISTANT BRAGA DSI 40 RED-BLACK STRIPE,UNIT,3,47,ELECTRA-NETWORK SUPPLY,35.52
95A64293,2025-05-20,FLAME RESISTANT MAINTENANCE 40 RED-YELLOW STRIPE,UNIT,5,47,ELECTRA-NETWORK SUPPLY,35.16
F9B157C7,2025-05-20,FLAME RESISTANT MAINTENANCE 42 RED-YELLOW STRIPE,UNIT,4,47,INDUSTRIAL GLOBAL SOLUTIONS,34.73
67569105,2025-05-20,FLAME RESISTANT MAINTENANCE 44 RED-YELLOW STRIPE,UNIT,1,47,ELECTRA-NETWORK SUPPLY,34.62
D9E77654,2025-05-20,FLAME RESISTANT MAINTENANCE 46 RED-YELLOW STRIPE,UNIT,1,47,INDUSTRIAL GLOBAL SOLUTIONS,35.62
2587E396,2025-05-20,FLAME RESISTANT MAINTENANCE 48 RED-YELLOW STRIPE,UNIT,1,47,GENERAL SERVICES & LOGISTICS CO.,35.56
B361C8EC,2025-05-20,FLAME RESISTANT MAINTENANCE 50 RED-YELLOW STRIPE,UNIT,1,47,ELECTRA-NETWORK SUPPLY,34.86
0C7F8608,2025-05-20,FLAME RESISTANT MAINTENANCE 52 RED-YELLOW STRIPE,UNIT,1,49,INDUSTRIAL GLOBAL SOLUTIONS,34.64
7C288566,2025-05-20,FLAME RESISTANT MAINTENANCE 56 RED-YELLOW STRIPE,UNIT,1,49,ELECTRA-NETWORK SUPPLY,35.13
0AED69CF,2025-05-20,FLAME RESISTANT SIHO-A 36 RED-GREEN STRIPE,UNIT,1,49,INDUSTRIAL GLOBAL SOLUTIONS,34.76
A8D5AE5F,2025-05-20,FLAME RESISTANT SIHO-A 38 RED-GREEN STRIPE,UNIT,2,49,GENERAL SERVICES & LOGISTICS CO.,34.92
BFFD5A89,2025-05-20,BRAGA RESIT FLAME SIHO-A 40 RED-GREEN STRIPE,UNIT,2,49,GENERAL SERVICES & LOGISTICS CO.,35.15
E4E013EA,2025-05-20,BRAGA RESIT FLAME SIHO-A 42 RED-GREEN STRIPE,UNIT,10,49,INDUSTRIAL GLOBAL SOLUTIONS,35.56
2E35F05D,2025-05-20,BRAGA RESIT FLAME SIHO-A 44 RED-GREEN STRIPE,UNIT,6,49,GENERAL SERVICES & LOGISTICS CO.,34.43
55958856,2025-05-20,BRAGA RESIT FLAME SIHO-A 46 RED-GREEN STRIPE,UNIT,16,49,INDUSTRIAL GLOBAL SOLUTIONS,34.7
48CBD09F,2025-05-20,BRAGA RESIT FLAME SIHO-A 48 RED-GREEN STRIPE,UNIT,25,49,ELECTRA-NETWORK SUPPLY,34.32
E392A747,2025-05-20,BRAGA RESIT FLAME SIHO-A 52 RED-GREEN STRIPE,UNIT,14,49,INDUSTRIAL GLOBAL SOLUTIONS,34.32
DFE871D0,2025-05-20,FIRE FIGHTER FLAME RESISTANT PANTS 38 BLUE/GREEN,UNIT,7,51,INDUSTRIAL GLOBAL SOLUTIONS,35.17
9E5D23DA,2025-05-20,FIRE FIGHTER FLAME RESISTANT PANTS 40 BLUE/GREEN,UNIT,5,51,ELECTRA-NETWORK SUPPLY,35.2
09E429EC,2025-05-20,FIRE FIGHTER FLAME RESISTANT PANTS 42 BLUE/GREEN,UNIT,13,51,GENERAL SERVICES & LOGISTICS CO.,34.41
348D527B,2025-05-20,FIRE FIGHTER FLAME RESISTANT PANTS 44 BLUE/GREEN,UNIT,44,51,GENERAL SERVICES & LOGISTICS CO.,35.6
AD8A659D,2025-05-20,FIRE FIGHTER FLAME RESISTANT PANTS 48 BLUE/GREEN,UNIT,18,51,ELECTRA-NETWORK SUPPLY,34.61
5E21992D,2025-05-20,FIRE RESISTANT PANTS DSI 36 RED-BLACK STRIPE,UNIT,2,51,INDUSTRIAL GLOBAL SOLUTIONS,34.74
83227D0A,2025-05-20,FIRE RESISTANT PANTS DSI 38 RED-BLACK STRIPE,UNIT,4,51,INDUSTRIAL GLOBAL SOLUTIONS,35.02
ED155F30,2025-05-20,FLAME RESISTANT BRAGA DSI 40 RED-BLACK STRIPE,UNIT,2,51,ELECTRA-NETWORK SUPPLY,34.9
95A64293,2025-05-20,FLAME RESISTANT MAINTENANCE 40 RED-YELLOW STRIPE,UNIT,5,51,INDUSTRIAL GLOBAL SOLUTIONS,34.71
F9B157C7,2025-05-20,FLAME RESISTANT MAINTENANCE 42 RED-YELLOW STRIPE,UNIT,2,51,ELECTRA-NETWORK SUPPLY,35.04
67569105,2025-05-20,FLAME RESISTANT MAINTENANCE 44 RED-YELLOW STRIPE,UNIT,1,52,ELECTRA-NETWORK SUPPLY,35.28
D9E77654,2025-05-20,FLAME RESISTANT MAINTENANCE 46 RED-YELLOW STRIPE,UNIT,2,52,ELECTRA-NETWORK SUPPLY,35.04
2587E396,2025-05-20,FLAME RESISTANT MAINTENANCE 48 RED-YELLOW STRIPE,UNIT,11,52,GENERAL SERVICES & LOGISTICS CO.,35.69
B361C8EC,2025-05-20,FLAME RESISTANT MAINTENANCE 50 RED-YELLOW STRIPE,UNIT,21,52,INDUSTRIAL GLOBAL SOLUTIONS,34.71
0C7F8608,2025-05-20,FLAME RESISTANT MAINTENANCE 52 RED-YELLOW STRIPE,UNIT,40,52,ELECTRA-NETWORK SUPPLY,35.67
7C288566,2025-05-20,FLAME RESISTANT MAINTENANCE 56 RED-YELLOW STRIPE,UNIT,34,52,INDUSTRIAL GLOBAL SOLUTIONS,35.44
0AED69CF,2025-05-20,FLAME RESISTANT SIHO-A 36 RED-GREEN STRIPE,UNIT,20,52,INDUSTRIAL GLOBAL SOLUTIONS,34.67
A8D5AE5F,2025-05-20,FLAME RESISTANT SIHO-A 38 RED-GREEN STRIPE,UNIT,15,52,ELECTRA-NETWORK SUPPLY,34.86
BFFD5A89,2025-05-20,BRAGA RESIT FLAME SIHO-A 40 RED-GREEN STRIPE,UNIT,6,52,GENERAL SERVICES & LOGISTICS CO.,35.46
E4E013EA,2025-05-20,BRAGA RESIT FLAME SIHO-A 42 RED-GREEN STRIPE,UNIT,2,52,ELECTRA-NETWORK SUPPLY,35.39
2E35F05D,2025-05-20,BRAGA RESIT FLAME SIHO-A 44 RED-GREEN STRIPE,UNIT,4,54,GENERAL SERVICES & LOGISTICS CO.,34.46
55958856,2025-05-20,BRAGA RESIT FLAME SIHO-A 46 RED-GREEN STRIPE,UNIT,1,54,ELECTRA-NETWORK SUPPLY,34.86
48CBD09F,2025-05-20,BRAGA RESIT FLAME SIHO-A 48 RED-GREEN STRIPE,UNIT,3,54,ELECTRA-NETWORK SUPPLY,35.14
E48FC29B,2025-05-20,POLYPROPYLENE SAFETY HELMET HIGH IMPACT WING TYPE PEAK,UNIT,16,54,INDUSTRIAL GLOBAL SOLUTIONS,35.16
3AA07025,2025-05-23,ELECTRIC MOTOR RELIANCE ELECTRIC 1250 HP,UNIT,1,SDO-CTL-SM-001,GENERAL SERVICES & LOGISTICS CO.,35.35
24C6C153,2025-05-23,"ADAPTER 4 1/16"" TO 3 1/8""",UNIT,4,185,INDUSTRIAL GLOBAL SOLUTIONS,35.04
BCC24BA6,2025-05-23,FLAME SENSOR (ULTRAVIOLET FLAME SENSOR),UNIT,1,SDO-GL-TURBO-043,INDUSTRIAL GLOBAL SOLUTIONS,35.02
E3319583,2025-05-28,TIRES 26570R17,UNIT,38,55,ELECTRA-NETWORK SUPPLY,34.4
E9C5CE0A,2025-05-28,TIRES 26570R16,UNIT,40,55,INDUSTRIAL GLOBAL SOLUTIONS,166.82
2748D5B4,2025-05-28,TIRES 12 00 24,UNIT,4,55,ELECTRA-NETWORK SUPPLY,34.42
3E4BA5ED,2025-05-28,TIRES 295/80R22.5,UNIT,4,55,GENERAL SERVICES & LOGISTICS CO.,35.54
FA723D2A,2025-05-28,SILVERADO BRAKE PADS,UNIT,6,55,ELECTRA-NETWORK SUPPLY,35.49
66614EF5,2025-05-28,CHEYENNE BRAKE PADS,UNIT,2,55,INDUSTRIAL GLOBAL SOLUTIONS,35.65
A8291632,2025-05-28,TOYOTA BRAKE PADS,UNIT,11,55,GENERAL SERVICES & LOGISTICS CO.,34.53
CCC6FB70,2025-05-28,FORD SUPER DUTTY BRAKE PADS,UNIT,1,55,INDUSTRIAL GLOBAL SOLUTIONS,35.05
C362BA41,2025-05-28,BRAKE FLUIDS,,10,55,GENERAL SERVICES & LOGISTICS CO.,27.75
A404DBAB,2025-05-28,MULTIPURPOSE GREASE,UNIT,5,55,INDUSTRIAL GLOBAL SOLUTIONS,35.05
5AD8D907,2025-05-28,CROSSBAR 354,UNIT,4,55,ELECTRA-NETWORK SUPPLY,35.1
8247053A,2025-05-28,SILVERADO SPARK PLUGS,UNIT,24,55,INDUSTRIAL GLOBAL SOLUTIONS,34.59
3890873D,2025-05-28,CHEYENNE SPARK PLUGS,UNIT,16,55,GENERAL SERVICES & LOGISTICS CO.,34.45
B56C547B,2025-05-28,TOYOTA SPARK PLUGS,UNIT,22,55,ELECTRA-NETWORK SUPPLY,34.69
BBCACCBD,2025-05-28,SPARK PLUG CABLE SILVERADO,UNIT,5,55,GENERAL SERVICES & LOGISTICS CO.,34.33
48F417C7,2025-05-28,SPARK PLUG CABLE CHEYENNE,UNIT,3,55,GENERAL SERVICES & LOGISTICS CO.,34.51
D0CDA407,2025-05-28,TERMINAL,UNIT,20,55,GENERAL SERVICES & LOGISTICS CO.,13.89
1DC9D1F6,2025-05-28,DIRECTION PUMP,UNIT,1,55,ELECTRA-NETWORK SUPPLY,35.0
F0E2C564,2025-05-28,SINGLE SILVERADO BELT 6PK2370,UNIT,4,55,ELECTRA-NETWORK SUPPLY,34.53
6CFA8305,2025-05-28,TIRES 215/75R17.5,UNIT,6,55,GENERAL SERVICES & LOGISTICS CO.,34.45
F5613801,2025-05-28,HYDRAULIC OIL DR3,LITER,200,55,GENERAL SERVICES & LOGISTICS CO.,15.6
D1107B45,2025-05-28,"RIGHT-HAND DRIVE, TOYOTA LAND CRUISER LONG BATTLE",UNIT,3,55,ELECTRA-NETWORK SUPPLY,35.48
BFA67E85,2025-05-28,TIRES 12 00 20,UNIT,2,55,GENERAL SERVICES & LOGISTICS CO.,34.37
CB4221D0,2025-05-28,"TMCX 1/2""",UNIT,12,195,INDUSTRIAL GLOBAL SOLUTIONS,34.98
371AE8D2,2025-05-28,"TMCX 3/4""",UNIT,16,195,INDUSTRIAL GLOBAL SOLUTIONS,34.84
F8C3CE85,2025-05-28,"TMCX 1""",UNIT,10,195,ELECTRA-NETWORK SUPPLY,34.46
B45BE289,2025-05-28,THREE-PHASE SERVICE PANEL OF 24 CIRCUITS,UNIT,3,195,INDUSTRIAL GLOBAL SOLUTIONS,34.84
539BDE33,2025-05-28,CABLE 100 MTS #16 BLACK,ROLL,9,195,INDUSTRIAL GLOBAL SOLUTIONS,34.96
F8F62A28,2025-05-28,CABLE 100 MTS #16 RED,UNIT,9,195,ELECTRA-NETWORK SUPPLY,34.72
2596B934,2025-05-28,100 MTS #12 BLACK CABLE,UNIT,2,195,ELECTRA-NETWORK SUPPLY,34.83
A2DFEEBA,2025-05-28,100 MTS #14 BLUE CABLE,UNIT,1,195,GENERAL SERVICES & LOGISTICS CO.,35.36
E9F2BAA1,2025-05-28,100 MTS #14 WHITE CABLE,UNIT,1,195,INDUSTRIAL GLOBAL SOLUTIONS,35.62
2E18C0F5,2025-05-28,INDUSTRIAL BREAKER OF 1250 AMP,,2,195,ELECTRA-NETWORK SUPPLY,4500.0
5BAA4318,2025-05-28,INDUSTRIAL BREAKER OF 250 AMP,,12,195,GENERAL SERVICES & LOGISTICS CO.,675.83
2F3B99AE,2025-05-28,30 AMP THREE-POLE BREAKER,UNIT,7,195,ELECTRA-NETWORK SUPPLY,35.41
036A38FE,2025-05-28,50 AMP THREE-POLE BREAKER,UNIT,3,195,ELECTRA-NETWORK SUPPLY,35.5
854BA587,2025-05-28,15 AMP MONOPOLAR BREAKER,UNIT,2,195,INDUSTRIAL GLOBAL SOLUTIONS,35.24
E77895C6,2025-05-28,30 AMP MONOPOLAR BREAKER,UNIT,30,195,INDUSTRIAL GLOBAL SOLUTIONS,35.27
24001E88,2025-05-28,BIPHASE 3 AMP BREAKER,UNIT,1,195,INDUSTRIAL GLOBAL SOLUTIONS,34.56
D2EFDF01,2025-05-28,ELECTRICAL TAPE 33,ROLL,100,195,INDUSTRIAL GLOBAL SOLUTIONS,13.7
9AEA11D3,2025-05-28,RUBBER SPLICING TAPE 23,ROLL,27,195,INDUSTRIAL GLOBAL SOLUTIONS,26.48
041E670B,2025-05-28,POWER OUTLET WITH RESET,UNIT,10,195,INDUSTRIAL GLOBAL SOLUTIONS,35.21
F15FE52F,2025-05-28,FUSE FOR 3A HOLDER,UNIT,10,195,GENERAL SERVICES & LOGISTICS CO.,34.51
B5E4DF2E,2025-05-28,FUSE FOR 5A HOLDER,UNIT,10,195,INDUSTRIAL GLOBAL SOLUTIONS,35.62
932DEE17,2025-05-28,TERMINAL BARRACUDA FOR 3/0 CABLE,UNIT,390,195,INDUSTRIAL GLOBAL SOLUTIONS,11.09
1656FC73,2025-05-28,TERMINAL TYPE BARRACUDA BIMETAL DOUBLE EYE FOR 500 MCM CABLE,UNIT,16,195,ELECTRA-NETWORK SUPPLY,13.58
65AFF6E1,2025-05-28,BLACK MEDIUM TIRAP,PACKAGE,700,195,ELECTRA-NETWORK SUPPLY,19.18
A87F792D,2025-05-28,LARGE BLACK TIRAP,UNIT,100,195,ELECTRA-NETWORK SUPPLY,35.67
783D3FA5,2025-05-28,SMALL BLACK TIRAP,UNIT,400,195,GENERAL SERVICES & LOGISTICS CO.,35.15
D3223145,2025-05-28,"MAYER HUB OF 3/4""",UNIT,63,195,GENERAL SERVICES & LOGISTICS CO.,34.44
871DD926,2025-05-28,"MAYER HUB OF 1/2""",UNIT,28,195,ELECTRA-NETWORK SUPPLY,34.71
ACC645F9,2025-05-28,"MAYER HUB 1""",UNIT,20,195,GENERAL SERVICES & LOGISTICS CO.,34.49
ECEAD528,2025-05-28,DOUBLE EYE TERMINAL 3/0,UNIT,50,195,GENERAL SERVICES & LOGISTICS CO.,13.18
18152DB6,2025-06-04,HIGH PROTECTION ENAMEL YELLOW BRI GALON,GALLON,18,194,ELECTRA-NETWORK SUPPLY,35.18
27929E14,2025-06-04,HIGH PROTECTION ENAMEL RED BRI GALON,GALLON,12,194,ELECTRA-NETWORK SUPPLY,34.54
CD6CD731,2025-06-04,HIGH PROTECTION ENAMEL DARK GRAY,GALLON,23,194,GENERAL SERVICES & LOGISTICS CO.,35.41
94592E11,2025-06-04,SHINY OIL SOLINTEX BLACK GALLON,GALLON,20,194,GENERAL SERVICES & LOGISTICS CO.,35.23
AE00018C,2025-06-04,"YELLOW 3"" ZEBRA BRUSH",UNIT,10,194,INDUSTRIAL GLOBAL SOLUTIONS,35.51
FB58B580,2025-06-04,BASIC TRAY GAME AND ACCESSORIES,UNIT,10,194,GENERAL SERVICES & LOGISTICS CO.,35.38
90C154D8,2025-06-04,"METAL SPATULA 4 "" 100 MM JADEVER",UNIT,10,194,INDUSTRIAL GLOBAL SOLUTIONS,34.85
2F6C9E50,2025-06-04,SET OF SIENA WHITE AQUANOVA BATHTUB,UNIT,2,194,GENERAL SERVICES & LOGISTICS CO.,35.55
89418107,2025-06-04,"EXTRACTOR 8"" 30W 110V TEG",UNIT,2,194,ELECTRA-NETWORK SUPPLY,35.57
FFF45472,2025-06-04,"AIR EXTRACTOR 10"" 110V 60 HZ VITRON",UNIT,2,194,ELECTRA-NETWORK SUPPLY,35.5
23AF7658,2025-06-04,TRANSLUCENT SILIPEX WITH FUNGICIDE 290CM,GALLON,10,194,INDUSTRIAL GLOBAL SOLUTIONS,35.3
6E1A3802,2025-06-04,PULIURITANO MULTI-PURPOSE FOAM AKFIX 750 ML,UNIT,30,194,GENERAL SERVICES & LOGISTICS CO.,35.15
714BDDB7,2025-06-04,GRAY BOTTOM GALLON MANPICA,GALLON,11,194,ELECTRA-NETWORK SUPPLY,34.36
723F607B,2025-06-04,GRAY BOTTOM FOR METALS TITANIUM GALLON,GALLON,9,194,GENERAL SERVICES & LOGISTICS CO.,35.51
F5B0CAFA,2025-06-05,"SUCTION RODS 1 1/4"" WITH 1 1/8"" PIN",UNIT,100,194,GENERAL SERVICES & LOGISTICS CO.,34.66
F6D1A7E8,2025-06-06,TERMINAL CAP 5 KV FOR 500 MCM CABLE,UNIT,15,196,ELECTRA-NETWORK SUPPLY,13.3
D2EFDF01,2025-06-06,ELECTRICAL TAPE 33,ROLL,14,196,GENERAL SERVICES & LOGISTICS CO.,13.7
4011C657,2025-06-06,"SCREW 3/8"" X  WITH NUT AND WASHERS",UNIT,100,196,INDUSTRIAL GLOBAL SOLUTIONS,34.85
7FEA3370,2025-06-06,10 TON AIR CONDITIONER,UNIT,1,196,ELECTRA-NETWORK SUPPLY,34.93
1C0B739C,2025-06-06,"PUMP BORNEMANN MW9 5KV-90 CONDITION ""B""",UNIT,1,SDO-VTL-001,GENERAL SERVICES & LOGISTICS CO.,35.65
5CE3CA07,2025-06-06,BCP OF 400-500 400 RPM WITH ROTOR AND CONNECTIONS,UNIT,2,197,ELECTRA-NETWORK SUPPLY,35.2
F6E6A08D,2025-06-06,2000 KVA POWER TRANSFORMER; 34.5 KV; 480-277V,UNIT,1,56,INDUSTRIAL GLOBAL SOLUTIONS,35.62
63D488C2,2025-06-04,HYDRAULIC ACCUMULATOR BEAM,UNIT,2,SDO-GL-TURBO 000,INDUSTRIAL GLOBAL SOLUTIONS,34.45
7E2114A3,2025-06-10,CONTROL CABINET WITH I/O PCU121,UNIT,1,SDO-MIG-MTTO-002,GENERAL SERVICES & LOGISTICS CO.,34.43
380CC4A2,2025-06-10,CONTROL CABINET WITH I/O PCU121R,UNIT,1,SDO-MIG-MTTO-002,GENERAL SERVICES & LOGISTICS CO.,34.57
989BEF76,2025-06-10,INTELLIGENT FIRE CENTRAL,UNIT,1,SDO-GL-TURBO 046,GENERAL SERVICES & LOGISTICS CO.,35.25
CA882A69,2025-06-10,SHORT CIRCUIT ISOLATION MODULE,UNIT,1,SDO-GL-TURBO 046,ELECTRA-NETWORK SUPPLY,34.36
A8DB7C35,2025-06-10,INTELIGENT NOTIFIER MANUAL STATIONS,UNIT,2,SDO-GL-TURBO 046,GENERAL SERVICES & LOGISTICS CO.,35.42
3184A412,2025-06-10,WEATHER STOPPER SURFACE PROTECTORS FOR MANUAL OUTDOOR STATION,UNIT,2,SDO-GL-TURBO 046,INDUSTRIAL GLOBAL SOLUTIONS,34.81
4CC3F53A,2025-06-10,RELAY MODULE FOR INTEGRATION OF THE CENTRAL PANEL,UNIT,4,SDO-GL-TURBO 046,ELECTRA-NETWORK SUPPLY,34.43
40569071,2025-06-10,RELAY MODULE FOR INTEGRATION OF THE CENTRAL PANEL WITH THE CLOSURE OF,UNIT,4,SDO-GL-TURBO 046,INDUSTRIAL GLOBAL SOLUTIONS,35.29
491F16D0,2025-06-10,ABORTION BUTTONS,UNIT,2,SDO-GL-TURBO 046,GENERAL SERVICES & LOGISTICS CO.,35.41
047F6BF9,2025-06-10,MINI MODULES FOR ABORT SWITCHES,UNIT,2,SDO-GL-TURBO 046,INDUSTRIAL GLOBAL SOLUTIONS,34.3
A313A290,2025-06-10,LOCKING BOX WITH KEYS FOR MODULE PROTECTION,UNIT,1,SDO-GL-TURBO 046,ELECTRA-NETWORK SUPPLY,34.74
26742D29,2025-06-10,MODULE FOR SUSPENDING AND INTEGRATING DETECTION DEVICES,UNIT,3,SDO-GL-TURBO 046,ELECTRA-NETWORK SUPPLY,35.02
A1D209AD,2025-06-10,3 CONTACT SWITCH FOR SYSTEM MAINTENANCE,UNIT,2,SDO-GL-TURBO 048,INDUSTRIAL GLOBAL SOLUTIONS,35.57
11D8FE4D,2025-06-10,STROBOSCOPIC LIGHT SISTEN SENSOR BRAND,UNIT,2,SDO-GL-TURBO 047,INDUSTRIAL GLOBAL SOLUTIONS,35.09
5EFEF4E7,2025-06-10,CO2 CYLINDERS WITH ACTUATION HEAD,UNIT,4,SDO-GL-TURBO 045,INDUSTRIAL GLOBAL SOLUTIONS,34.79
059C81E7,2025-06-10,SMOKE DETECTORS SALWICO BRAND FSP-951,UNIT,2,SDO-GL-TURBO 046,GENERAL SERVICES & LOGISTICS CO.,35.04
35647922,2025-06-12,UPS,UNIT,1,SDO-GL-TURBO 049,ELECTRA-NETWORK SUPPLY,34.99
6F6476C1,2025-06-12,POWER SOURCE OF 24 VCC/ 15VCC,UNIT,4,SDO-GL-TURBO 050,GENERAL SERVICES & LOGISTICS CO.,34.55
ADFF7219,2025-06-12,BATTERY FOR MP-200,UNIT,4,SDO-GL-TURBO 051,ELECTRA-NETWORK SUPPLY,316.14
35647922,2025-06-13,UPS,UNIT,1,SDO-GL-TURBO 049,ELECTRA-NETWORK SUPPLY,34.81
9C5B914C,2025-06-12,PROGRESSIVE CAVITY PUMPS 300 TO 400 BDL/100 RPM,UNIT,7,58,ELECTRA-NETWORK SUPPLY,35.18
22B902F6,2025-06-11,"1 1/4"" X 25 FT PIN X PIN ROD",UNIT,300,198,ELECTRA-NETWORK SUPPLY,34.99
3CEE8E5C,2025-06-14,"POST CLAMP FOR 5-1/2""",UNIT,250,SDO-SSEE-69-006,ELECTRA-NETWORK SUPPLY,12.61
989BEF76,2025-06-24,INTELLIGENT FIRE CENTRAL,UNIT,1,SDO-GL-TURBO-046,GENERAL SERVICES & LOGISTICS CO.,34.52
CA882A69,2025-06-24,SHORT CIRCUIT ISOLATION MODULE,UNIT,1,SDO-GL-TURBO-046,INDUSTRIAL GLOBAL SOLUTIONS,34.68
A8DB7C35,2025-06-24,INTELIGENT NOTIFIER MANUAL STATIONS,UNIT,2,SDO-GL-TURBO-046,INDUSTRIAL GLOBAL SOLUTIONS,35.67
3184A412,2025-06-24,WEATHER STOPPER SURFACE PROTECTORS FOR MANUAL OUTDOOR STATION,UNIT,2,SDO-GL-TURBO-046,GENERAL SERVICES & LOGISTICS CO.,35.36
8E5CF093,2025-06-24,RELAY MODULES FOR INTEGRATION OF THE CENTRAL PANEL FOR TURBINES,UNIT,4,SDO-GL-TURBO-046,ELECTRA-NETWORK SUPPLY,34.35
647505DA,2025-06-24,RELAY MODULES FOR INTEGRATION OF THE CENTRAL PANEL FOR EXCLUSAS,UNIT,4,SDO-GL-TURBO-046,GENERAL SERVICES & LOGISTICS CO.,34.79
491F16D0,2025-06-24,ABORTION BUTTONS,UNIT,2,SDO-GL-TURBO-046,GENERAL SERVICES & LOGISTICS CO.,35.54
047F6BF9,2025-06-24,MINI MODULES FOR ABORT SWITCHES,UNIT,1,SDO-GL-TURBO-046,ELECTRA-NETWORK SUPPLY,34.99
26742D29,2025-06-24,MODULE FOR SUSPENDING AND INTEGRATING DETECTION DEVICES,UNIT,6,SDO-GL-TURBO-046,INDUSTRIAL GLOBAL SOLUTIONS,35.22
A313A290,2025-06-24,LOCKING BOX WITH KEYS FOR MODULE PROTECTION,UNIT,1,SDO-GL-TURBO-046,GENERAL SERVICES & LOGISTICS CO.,35.04
A1D209AD,2025-06-24,3 CONTACT SWITCH FOR SYSTEM MAINTENANCE,UNIT,3,SDO-GL-TURBO-046,INDUSTRIAL GLOBAL SOLUTIONS,34.99
B694273B,2025-06-14,TELESCOPIC STEEL POST OF 18 METERS LENGTH,UNIT,30,SDO-SSEE-69-005,GENERAL SERVICES & LOGISTICS CO.,34.93
8F7C8DE8,2025-06-26,"PACKINGS FOR STUFFING BOX 1/2""",UNIT,6,217,ELECTRA-NETWORK SUPPLY,35.28
1C349E8D,2025-06-26,"PACKINGS FOR STUFFING BOX 3/8""",UNIT,19,217,GENERAL SERVICES & LOGISTICS CO.,35.28
2092F63E,2025-06-26,FREQUENCY DRIVE ABB VOLTAGE 480 POWER 150 HP,UNIT,5,71,INDUSTRIAL GLOBAL SOLUTIONS,2899.32
64DD279A,2025-06-26,FREQUENCY DRIVE OF 75 HP REPAIRED,UNIT,2,SDO-PERGAS-004,GENERAL SERVICES & LOGISTICS CO.,2842.58
E09CB590,2025-06-26,FREQUENCY DRIVE OF 150 HP REPAIRED,UNIT,1,SDO-PERGAS-004,GENERAL SERVICES & LOGISTICS CO.,2835.6
26E14822,2025-06-26,FREQUENCY DRIVE UNIQUE BRAND OF 100 HP REPAIRED,UNIT,1,SDO-PERGAS-004,INDUSTRIAL GLOBAL SOLUTIONS,2820.29
BEA088DC,2025-06-26,WEATHERFORD DUAL ROTATION HEAD,UNIT,6,SDO-GL-CBZ-0006,ELECTRA-NETWORK SUPPLY,35.61
07AF77B7,2025-06-26,LIFTEQ HEAD MODEL LT-100,UNIT,2,SDO-GL-CBZ-0006,GENERAL SERVICES & LOGISTICS CO.,35.48
26EF527C,2025-06-26,BELT 5VX1120,UNIT,4,SDO-GL-CBZ-0006,INDUSTRIAL GLOBAL SOLUTIONS,34.78
7A67D897,2025-06-26,VX 1250 BELT,UNIT,4,SDO-GL-CBZ-0006,INDUSTRIAL GLOBAL SOLUTIONS,34.35
8F2D0216,2025-06-27,CHANNEL PATCH,UNIT,4,SDO-MIG-MTTO-006,INDUSTRIAL GLOBAL SOLUTIONS,35.48
22B902F6,2025-06-27,"1 1/4"" X 25 FT PIN X PIN ROD",UNIT,200,224,INDUSTRIAL GLOBAL SOLUTIONS,34.48
B462A715,2025-06-27,"SHORT ROD 1-1/4"" X 2 FT",UNIT,11,224,ELECTRA-NETWORK SUPPLY,35.43
F09C9880,2025-06-27,"SHORT ROD 1-1/4"" X 8 FT",UNIT,11,224,INDUSTRIAL GLOBAL SOLUTIONS,35.1
4AC08A8F,2025-06-27,"SHORT ROD 1-1/4"" X 10 FT",UNIT,11,224,ELECTRA-NETWORK SUPPLY,34.53
BF19B429,2025-06-27,"TORQUE ANCHOR 9 5/8 X 4-1/2"" EUE",UNIT,5,224,INDUSTRIAL GLOBAL SOLUTIONS,35.64
65405306,2025-06-27,4 1/2 IN EUE 3000 PSI DRAIN VALVE,UNIT,6,224,ELECTRA-NETWORK SUPPLY,35.03
0BF59BC0,2025-06-27,"CROSSOVER OF 4-1/2"" EUE PIN X 5-1/2"" LTC",UNIT,15,224,ELECTRA-NETWORK SUPPLY,35.01
9052416D,2025-07-02,POWER CABLE 3/C 3/0 AWG AL 80075°C 600V,METER,2000,227,ELECTRA-NETWORK SUPPLY,34.84
2F3BC800,2025-07-02,"THREE-PHASE DRY TYPE TRANSFORMER, 75 KVA, 480/208- 120.INDOOR USE",UNIT,1,227,INDUSTRIAL GLOBAL SOLUTIONS,34.68
9C5A3EC9,2025-07-04,UPPER SEAL CR-32397 (NATIONAL 476470),UNIT,14,81,INDUSTRIAL GLOBAL SOLUTIONS,34.59
0E77736E,2025-07-04,LOWER SEAL CR - 24988 (NATIONAL 415449),UNIT,14,81,INDUSTRIAL GLOBAL SOLUTIONS,34.31
5E8E56F3,2025-07-04,INDUSTRIAL BELTS GOOD YEAR 5VX 1180,UNIT,76,81,ELECTRA-NETWORK SUPPLY,35.47
D8082619,2025-07-04,OIL LEVEL VIEWER 3/4 NPT,UNIT,109,81,GENERAL SERVICES & LOGISTICS CO.,15.71
B6211A66,2025-07-04,INNER BEARING 6010 SKF PAR # 560116,UNIT,45,81,GENERAL SERVICES & LOGISTICS CO.,35.26
DC00F912,2025-07-04,BELT 5V1180,UNIT,120,81,INDUSTRIAL GLOBAL SOLUTIONS,84.96
3F545D0F,2025-07-04,SPHERICAL ROLLER BEARING 22218E1-C3 FAG OR SIMILAR,UNIT,26,81,GENERAL SERVICES & LOGISTICS CO.,34.52
3F545D0F,2025-07-04,SPHERICAL ROLLER BEARING 22218E1-C3 FAG OR SIMILAR,UNIT,160,81,INDUSTRIAL GLOBAL SOLUTIONS,34.96
69993F6C,2025-07-04,BELT TYPE SVF 1120,UNIT,16,81,ELECTRA-NETWORK SUPPLY,34.51
A2D4A50D,2025-07-04,19 MM 20M 0.177 MM 33 ELECTRIC INSULATING TAPE,UNIT,30,83,ELECTRA-NETWORK SUPPLY,34.52
7C3EB556,2025-07-04,3/4 IN 30 FT 0.030 IN 23 ELECTRIC INSULATING TAPE,UNIT,30,83,ELECTRA-NETWORK SUPPLY,34.49
C03BF4F7,2025-07-04,PLASTIC TYRAP TIE 400 MM COL 100 UND,PACKAGE,16,83,GENERAL SERVICES & LOGISTICS CO.,35.49
AC6AE094,2025-07-04,ELECTRIC RUBBER GLOVE L14 IN CLASS 4,PAIR,2,83,ELECTRA-NETWORK SUPPLY,34.93
2959F601,2025-07-04,FIBER CONNECT / DISCONNECT ROD,UNIT,1,83,INDUSTRIAL GLOBAL SOLUTIONS,34.79
E88C601E,2025-07-04,HYDRAHU TERMINAL PRESS 12 AWG - KCMIL,UNIT,1,83,ELECTRA-NETWORK SUPPLY,13.17
E754D6C5,2025-07-04,"HEBILLA PARA FLEJE METALICO DE 1/2""",UNIT,160,83,ELECTRA-NETWORK SUPPLY,34.63
0E85E989,2025-07-04,"GASKET OF 1/2 IN 100FT 0,020 IN",METER,80,83,ELECTRA-NETWORK SUPPLY,35.17
FC22B5E5,2025-07-04,FLUKE 787 ULTIMATE MULTIFUNCTION VARIABLES,UNIT,2,83,GENERAL SERVICES & LOGISTICS CO.,35.03
FD1CE309,2025-07-04,PROTO TOOL SET 99720 456 PZA,SET,2,83,INDUSTRIAL GLOBAL SOLUTIONS,34.81
98195E4C,2025-07-04,CBZL CIR 50000 LB 1-1/2 IN,UNIT,9,84,GENERAL SERVICES & LOGISTICS CO.,35.38
76D4C2F3,2025-07-04,CBZL CIR 52500 LB/FT 1-1/2 IN,UNIT,5,84,GENERAL SERVICES & LOGISTICS CO.,34.62
9D346EC7,2025-07-08,"PIPE 5-1/2"" BTC J55 R2 17.00 #",JT,200,237,ELECTRA-NETWORK SUPPLY,34.52
5BAA4318,2025-07-08,INDUSTRIAL BREAKER OF 250 AMP,,3,239,INDUSTRIAL GLOBAL SOLUTIONS,675.83
1CB01ECC,2025-07-08,GAUGE OF 0-600 PSI,,12,239,GENERAL SERVICES & LOGISTICS CO.,160.69
1656FC73,2025-07-08,TERMINAL TYPE BARRACUDA BIMETAL DOUBLE EYE FOR 500 MCM CABLE,UNIT,15,239,INDUSTRIAL GLOBAL SOLUTIONS,13.37
932DEE17,2025-07-08,TERMINAL BARRACUDA FOR 3/0 CABLE,UNIT,100,239,GENERAL SERVICES & LOGISTICS CO.,11.09
783D3FA5,2025-07-08,SMALL BLACK TIRAP,UNIT,249,239,ELECTRA-NETWORK SUPPLY,35.0
1533053F,2025-07-08,"CROSSOVER OF 5-1/2"" LTC X BTC",UNIT,20,238,ELECTRA-NETWORK SUPPLY,34.93
6C654839,2025-07-09,PVC DOTTED COTTON GLOVE,,120,240,INDUSTRIAL GLOBAL SOLUTIONS,0.84
38D7A933,2025-07-09,CELLS,UNIT,6,241,INDUSTRIAL GLOBAL SOLUTIONS,34.71
16066719,2025-07-09,INTERCELL CONNECTORS,UNIT,6,241,INDUSTRIAL GLOBAL SOLUTIONS,34.46
E900134C,2025-07-09,EXPLOSION-PROOF PLUGS,UNIT,6,241,GENERAL SERVICES & LOGISTICS CO.,34.92
C33E93E9,2025-07-09,THERMOMETERS,UNIT,1,241,INDUSTRIAL GLOBAL SOLUTIONS,34.73
987991CF,2025-07-09,DENSIMETERS,UNIT,1,241,INDUSTRIAL GLOBAL SOLUTIONS,35.04
43E8517B,2025-07-09,DENSITY AND THERMOMETER HOLDER,UNIT,1,241,INDUSTRIAL GLOBAL SOLUTIONS,34.39
7D2DD239,2025-07-09,"COMBINATION WRENCHES 1/2""",UNIT,2,241,ELECTRA-NETWORK SUPPLY,34.86
C75A540E,2025-07-09,FUNNEL AND JAR,UNIT,1,241,GENERAL SERVICES & LOGISTICS CO.,35.07
0D65C81A,2025-07-09,SUCTION PUMP,UNIT,1,241,ELECTRA-NETWORK SUPPLY,35.63
5AEDA74B,2025-07-09,NUMBERING GAME,UNIT,1,241,GENERAL SERVICES & LOGISTICS CO.,34.97
074B6382,2025-07-09,HEXAGONAL STEEL RODS,UNIT,12,241,INDUSTRIAL GLOBAL SOLUTIONS,35.17
108D3A65,2025-07-09,PLACED GREASE,UNIT,1,241,INDUSTRIAL GLOBAL SOLUTIONS,34.4
23BDBED3,2025-07-10,SQUARE CLOTH OF 33 CM,UNIT,60,243,GENERAL SERVICES & LOGISTICS CO.,34.99
8EFBA465,2025-07-11,ELECTRICAL PUNCHES,UNIT,3,88,GENERAL SERVICES & LOGISTICS CO.,34.98
E2AE16B4,2025-07-11,AUXILIARY BRIDGES 34.5 KV,UNIT,3,88,INDUSTRIAL GLOBAL SOLUTIONS,34.41
F5B0CAFA,2025-07-12,"SUCTION RODS 1 1/4"" WITH 1 1/8"" PIN",UNIT,200,247,GENERAL SERVICES & LOGISTICS CO.,35.05
CBDFE419,2025-07-16,CAVPRO BOM 200 A 300 BLD/200 RPM 500,UNIT,10,93,INDUSTRIAL GLOBAL SOLUTIONS,34.72
67513899,2025-07-16,BOM CAVPRO 500 A 600 BLD/200 RPM 500,UNIT,1,93,INDUSTRIAL GLOBAL SOLUTIONS,35.46
B957A637,2025-07-17,POWER CABLE 3/C 4/0 AWG AL8000 PE 75 °C/PVC,METER,160,255,ELECTRA-NETWORK SUPPLY,35.33
ACE4A730,2025-07-17,POWER CABLE 500 MCM AWG ALUMINUM ARMORED,METER,20,253,GENERAL SERVICES & LOGISTICS CO.,34.96
EF21B5CE,2025-07-17,"WHEATHR BEARING, BALL 56 0115 WFORD 16024",UNIT,10,103,INDUSTRIAL GLOBAL SOLUTIONS,34.56
A13AA72D,2025-07-17,INNER BEARING HH926749 NTN PART # (56-0237),UNIT,3,103,GENERAL SERVICES & LOGISTICS CO.,34.57
B03F8DE4,2025-07-17,INNER BEARING HH926710 NTN PART # (56-0238),UNIT,3,103,GENERAL SERVICES & LOGISTICS CO.,35.22
9B4171B8,2025-07-17,WHEATH STUFFING BOX PACKING KIT 56-0217,SET,100,103,GENERAL SERVICES & LOGISTICS CO.,34.83
ACE4A730,2025-07-17,POWER CABLE 500 MCM AWG ALUMINUM ARMORED,METER,1140,98,INDUSTRIAL GLOBAL SOLUTIONS,34.37
9052416D,2025-07-17,POWER CABLE 3/C 3/0 AWG AL 80075°C 600V,METER,3000,99,GENERAL SERVICES & LOGISTICS CO.,35.34
F14F3599,2025-07-17,FREQUENCY DRIVE 1500 HP,UNIT,1,100,ELECTRA-NETWORK SUPPLY,2811.37
A637D8CD,2025-07-19,LEATHER GLOVES,PAIR,1764,103,ELECTRA-NETWORK SUPPLY,3.65
50797A61,2025-07-19,NEOPRENE GLOVES,PAIR,289,101,INDUSTRIAL GLOBAL SOLUTIONS,35.22
6C654839,2025-07-19,PVC DOTTED COTTON GLOVE,,2132,101,ELECTRA-NETWORK SUPPLY,0.84
64569C89,2025-07-19,NITRILE GLOVE,BOX,100,101,ELECTRA-NETWORK SUPPLY,34.6
22B902F6,2025-07-20,"1 1/4"" X 25 FT PIN X PIN ROD",UNIT,200,257,INDUSTRIAL GLOBAL SOLUTIONS,34.68
C89E7107,2025-07-20,"FREQUENCY DRIVE 150 HP CONDITION ""B""",UNIT,2,ODC 48,INDUSTRIAL GLOBAL SOLUTIONS,2870.25
41FFB789,2025-07-21,"THREADABLE NIPPLE 2"" X 12""",UNIT,4,258,INDUSTRIAL GLOBAL SOLUTIONS,34.69
DD1DBBB6,2025-07-21,"1"" X 300# WN FLANGE",UNIT,16,258,GENERAL SERVICES & LOGISTICS CO.,34.63
7D762C91,2025-07-21,"1-1/2"" X 300# WN FLANGE",UNIT,56,258,INDUSTRIAL GLOBAL SOLUTIONS,35.55
2105CFDC,2025-07-21,"2"" X 300# RF THREADED FLANGE",UNIT,4,258,GENERAL SERVICES & LOGISTICS CO.,34.51
46E973A7,2025-07-21,"3"" X 300# WN RF FLANGE",UNIT,4,258,GENERAL SERVICES & LOGISTICS CO.,34.53
D18062B2,2025-07-21,"4"" X 300# WN RF FLANGE",UNIT,36,258,ELECTRA-NETWORK SUPPLY,35.67
92E7A02B,2025-07-21,"GASKET 1"" X 300#",UNIT,4,258,GENERAL SERVICES & LOGISTICS CO.,34.78
199C20BF,2025-07-21,"GASKET 4"" X 300#",UNIT,9,258,INDUSTRIAL GLOBAL SOLUTIONS,35.62
11FA6B1D,2025-07-21,"SPACERS OF 5/8"" X 4-1/2""",UNIT,32,258,GENERAL SERVICES & LOGISTICS CO.,34.88
8300F0DE,2025-07-21,"3"" X 300# GATE VALVE",UNIT,4,258,ELECTRA-NETWORK SUPPLY,35.31
6142EF6C,2025-07-21,"1"" X 90° WELDING FLANGE ELBOW",UNIT,12,258,ELECTRA-NETWORK SUPPLY,35.01
967F8235,2025-07-21,"1-1/2"" X 90° WELDING FLANGE ELBOW",UNIT,32,258,INDUSTRIAL GLOBAL SOLUTIONS,34.55
E97D1608,2025-07-21,"2"" X 300# BLIND FLANGE",UNIT,4,258,ELECTRA-NETWORK SUPPLY,35.11
F2AED39A,2025-07-21,"SPACERS OF 5/8"" X 7""",UNIT,32,258,INDUSTRIAL GLOBAL SOLUTIONS,34.92
D70D3A47,2025-07-21,"WELDABLE COUPLING 1-1/2"" X 1""",UNIT,52,258,ELECTRA-NETWORK SUPPLY,35.21
430D5CE9,2025-07-21,"COUPLING 1-1/2"" X 3/4""",UNIT,8,258,ELECTRA-NETWORK SUPPLY,35.1
AE725410,2025-07-21,"PLUG OF 1""",UNIT,8,258,ELECTRA-NETWORK SUPPLY,35.54
50CBE8D8,2025-07-21,"2"" X 1-1/2"" 3000 LBS SOCKOLET",UNIT,8,258,INDUSTRIAL GLOBAL SOLUTIONS,34.64
73BA014E,2025-07-21,"2"" X 1"" 3000 LBS SOCKOLET",UNIT,4,258,INDUSTRIAL GLOBAL SOLUTIONS,35.55
711EEAFC,2025-07-21,"4"" X 1"" 3000 LBS SOCKOLET",UNIT,20,258,ELECTRA-NETWORK SUPPLY,35.41
EBB046CF,2025-07-21,"COUPLING  1-1/2"" X 1""",UNIT,4,258,ELECTRA-NETWORK SUPPLY,34.48
C79C4A11,2025-07-22,UV DETECTOR MSA BRAND,UNIT,3,SDO-GL-TURBO-058,ELECTRA-NETWORK SUPPLY,35.55
FADB77A6,2025-07-22,SMOKE DETECTOR SALWICO BRAND,UNIT,8,SDO-GL-TURBO-059,ELECTRA-NETWORK SUPPLY,34.45
989BEF76,2025-07-22,INTELLIGENT FIRE CENTRAL,UNIT,1,SDO-GL-TURBO-057,GENERAL SERVICES & LOGISTICS CO.,35.17
CA882A69,2025-07-22,SHORT CIRCUIT ISOLATION MODULE,UNIT,1,SDO-GL-TURBO-057,GENERAL SERVICES & LOGISTICS CO.,35.63
A8DB7C35,2025-07-22,INTELIGENT NOTIFIER MANUAL STATIONS,UNIT,1,SDO-GL-TURBO-057,GENERAL SERVICES & LOGISTICS CO.,34.81
B694273B,2025-07-22,TELESCOPIC STEEL POST OF 18 METERS LENGTH,UNIT,30,SDO-SSEE-69-010,ELECTRA-NETWORK SUPPLY,34.54
8E5CF093,2025-07-22,RELAY MODULES FOR INTEGRATION OF THE CENTRAL PANEL FOR TURBINES,UNIT,5,SDO-GL-TURBO-057,ELECTRA-NETWORK SUPPLY,34.98
647505DA,2025-07-22,RELAY MODULES FOR INTEGRATION OF THE CENTRAL PANEL FOR EXCLUSAS,UNIT,4,SDO-GL-TURBO-057,INDUSTRIAL GLOBAL SOLUTIONS,35.48
93E3A59C,2025-07-22,WEATHERPROOF BOX WITH INDICATOR LIGHT,UNIT,4,SDO-GL-TURBO-057,ELECTRA-NETWORK SUPPLY,34.66
26742D29,2025-07-22,MODULE FOR SUSPENDING AND INTEGRATING DETECTION DEVICES,UNIT,1,SDO-GL-TURBO-057,ELECTRA-NETWORK SUPPLY,34.48
A1D209AD,2025-07-22,3 CONTACT SWITCH FOR SYSTEM MAINTENANCE,UNIT,1,SDO-GL-TURBO-057,GENERAL SERVICES & LOGISTICS CO.,34.97
036A38FE,2025-07-22,50 AMP THREE-POLE BREAKER,UNIT,8,259,ELECTRA-NETWORK SUPPLY,35.44
932DEE17,2025-07-22,TERMINAL BARRACUDA FOR 3/0 CABLE,UNIT,119,259,GENERAL SERVICES & LOGISTICS CO.,11.09
D4C63EF7,2025-07-22,ENCAPSULATED THREE-PHASE 75 KVA TRANSFORMER,UNIT,1,259,ELECTRA-NETWORK SUPPLY,35.61
DC811E78,2025-07-24,5VX-1250 BELT TYPE,UNIT,6,SDO-GL-CBZ-0006,INDUSTRIAL GLOBAL SOLUTIONS,34.84
788FA044,2025-07-24,LIFTEQ HEAD CONDITION B,UNIT,2,SDO-GL-CBZ-0006,GENERAL SERVICES & LOGISTICS CO.,35.53
B9402A21,2025-07-24,WEATHERFORD DUAL CONDITION B HEAD,UNIT,6,SDO-GL-CBZ-0006,GENERAL SERVICES & LOGISTICS CO.,35.29
3ED43BE9,2025-07-25,REPAIRED MULTIPHASE PUMP,UNIT,1,SDO-CTL-003,INDUSTRIAL GLOBAL SOLUTIONS,35.53
F5C1743A,2025-07-26,REFLECTOR TYPE LIGHTING 400 W DEGREE OF PROTECTION IP66,UNIT,2,NOT SPECIFIED,INDUSTRIAL GLOBAL SOLUTIONS,35.48
F5C1743A,2025-07-27,REFLECTOR TYPE LIGHTING 400 W DEGREE OF PROTECTION IP66,UNIT,12,262,INDUSTRIAL GLOBAL SOLUTIONS,34.52
67513899,2025-07-27,BOM CAVPRO 500 A 600 BLD/200 RPM 500,UNIT,2,267,GENERAL SERVICES & LOGISTICS CO.,35.28
67513899,2025-07-27,BOM CAVPRO 500 A 600 BLD/200 RPM 500,UNIT,6,17,GENERAL SERVICES & LOGISTICS CO.,35.25
B3A29F4E,2025-07-30,FREQUENCY DRIVE BRAND UNIQUE 75 HP REPAIRED,UNIT,1,SDO-PERGAS-007,INDUSTRIAL GLOBAL SOLUTIONS,2896.61
B644EC50,2025-07-30,FREQUENCY DRIVE UNIQUE BRAND OF 150 HP REPAIRED,UNIT,1,SDO-PERGAS-007,ELECTRA-NETWORK SUPPLY,2828.68
20269E32,2025-07-31,"FREQUENCY DRIVE (VDF) VOLTAGE 480, POWER 150HP",UNIT,2,264,ELECTRA-NETWORK SUPPLY,2844.51
557108A7,2025-07-31,"FREQUENCY DRIVE (VDF) VOLTAGE 480, POWER 100HP",UNIT,3,264,GENERAL SERVICES & LOGISTICS CO.,2813.92
3CEE8E5C,2025-08-01,"POST CLAMP FOR 5-1/2""",UNIT,450,SDO-SSEE-69-018,ELECTRA-NETWORK SUPPLY,12.8
3CEE8E5C,2025-08-01,"POST CLAMP FOR 5-1/2""",UNIT,250,SDO-SSEE-69-019,INDUSTRIAL GLOBAL SOLUTIONS,12.78
98195E4C,2025-08-02,CBZL CIR 50000 LB 1-1/2 IN,UNIT,9,120,GENERAL SERVICES & LOGISTICS CO.,35.65
76D4C2F3,2025-08-02,CBZL CIR 52500 LB/FT 1-1/2 IN,UNIT,4,120,ELECTRA-NETWORK SUPPLY,35.31
9D346EC7,2025-08-02,"PIPE 5-1/2"" BTC J55 R2 17.00 #",JT,380,SDO-FO-ADC-02           268,GENERAL SERVICES & LOGISTICS CO.,35.58
88FD1905,2025-08-02,"CROSSOVER OF COMBINATION 5 1/2"" LTC PIN BTC BOX",UNIT,8,268,GENERAL SERVICES & LOGISTICS CO.,34.42
A7E28202,2025-08-02,"CROSSOVER OF COMBINATION 5 1/2"" BTC PIN LTC BOX",UNIT,8,268,INDUSTRIAL GLOBAL SOLUTIONS,35.5
F5B0CAFA,2025-08-02,"SUCTION RODS 1 1/4"" WITH 1 1/8"" PIN",UNIT,400,269,GENERAL SERVICES & LOGISTICS CO.,34.76
0BF59BC0,2025-08-02,"CROSSOVER OF 4-1/2"" EUE PIN X 5-1/2"" LTC",UNIT,12,269,INDUSTRIAL GLOBAL SOLUTIONS,34.8
FA0A0CC0,2025-08-02,"5 1/2"" EUE 3000 PSI DRAIN VALVE",UNIT,6,269,GENERAL SERVICES & LOGISTICS CO.,34.53
65405306,2025-08-02,4 1/2 IN EUE 3000 PSI DRAIN VALVE,UNIT,6,269,INDUSTRIAL GLOBAL SOLUTIONS,34.55
B694273B,2025-08-02,TELESCOPIC STEEL POST OF 18 METERS LENGTH,UNIT,30,SDP-SSEE-69-012,INDUSTRIAL GLOBAL SOLUTIONS,35.27
24C6C153,2025-08-02,"ADAPTER 4 1/16"" TO 3 1/8""",UNIT,6,271,GENERAL SERVICES & LOGISTICS CO.,34.49
3CEE8E5C,2025-07-26,"POST CLAMP FOR 5-1/2""",UNIT,700,SDO-SSEE-69-014,ELECTRA-NETWORK SUPPLY,12.97
ECFC93BB,2025-07-26,STRAIGHT COLLAR 350 MCM ALUMINUM,UNIT,50,SDO-SSEE-69-016,ELECTRA-NETWORK SUPPLY,34.35
319BD12B,2025-07-26,"350 MCM TERMINAL CONNECTOR  BT 1H 1/2""",UNIT,1200,SDO-SSEE-69-017,ELECTRA-NETWORK SUPPLY,13.27
6B32BCA1,2025-07-26,POLYMERIC SUSPENSION INSULATORS 69 KV,UNIT,169,SDO-SSEE-69-013,GENERAL SERVICES & LOGISTICS CO.,34.96
37DC4653,2025-07-26,EYE NUT FOR 5/8 BOLT,UNIT,600,SDO-SSEE-69-015,ELECTRA-NETWORK SUPPLY,34.79
6E838C6A,2025-08-05,TERMINAL TYPE BARRACUDA ONE EYE FOR 3/0 CABLE,UNIT,250,272,ELECTRA-NETWORK SUPPLY,8.54
3851B32E,2025-08-05,ALLEN BRADLEY RELAY 5-25 AMPS 592-EC2CC (1A0BF257),UNIT,1,273,ELECTRA-NETWORK SUPPLY,34.56
7C8A20CF,2025-08-05,ALLEN BRADLEY RELAY 5-25 AMPS 592-EC2CC (1A0E4CE4),UNIT,1,273,ELECTRA-NETWORK SUPPLY,34.33
F8208DAF,2025-08-05,ALLEN BRADLEY RELAY 9-45 AMPS 592-EC2DC (1A0BF2A6),UNIT,1,273,GENERAL SERVICES & LOGISTICS CO.,34.49
6FFD7E56,2025-08-05,ALLEN BRADLEY RELAY 9-5000 AMPS 592-EC2ZZ (1A0BFAE9),UNIT,1,273,INDUSTRIAL GLOBAL SOLUTIONS,34.63
5FB77B37,2025-08-05,ALLEN BRADLEY RELAY 9-45 AMPS 592-EC2DC (1A0BF4B7),UNIT,1,273,GENERAL SERVICES & LOGISTICS CO.,35.05
A9C79D31,2025-08-05,ALLEN BRADLEY RELAY 9-45 AMPS 592-EC2DC (1A0C002D),UNIT,1,273,GENERAL SERVICES & LOGISTICS CO.,34.65
A376535D,2025-08-05,ALLEN BRADLEY RELAY 9-45 AMPS 592-EC2DC (1A0C0044),UNIT,1,273,GENERAL SERVICES & LOGISTICS CO.,34.86
2B9AA137,2025-08-05,ALLEN BRADLEY RELAY 18-90 AMPS 193-EC2EE (1A0BD9E4),UNIT,1,273,GENERAL SERVICES & LOGISTICS CO.,35.02
2330DA1A,2025-08-05,ALLEN BRADLEY RELAY 18-90 AMPS 193-EC2EE (1A0BFB1E),UNIT,1,273,ELECTRA-NETWORK SUPPLY,35.54
2C2C599A,2025-08-05,ALLEN BRADLEY RELAY 18-90 AMPS 193 EC2EE (1A0BFA2F),UNIT,1,273,GENERAL SERVICES & LOGISTICS CO.,35.24
B362A1F9,2025-08-05,ALLEN BRADLEY RELAY 18-90 AMPS 193-EC2EE (1A0BE371),UNIT,1,273,ELECTRA-NETWORK SUPPLY,35.24
77D1A348,2025-08-05,ALLEN BRADLEY RELAY 5-25 AMPS 592-EC2CC (1A0BF301),UNIT,1,273,GENERAL SERVICES & LOGISTICS CO.,35.65
F75BE266,2025-08-06,IMP REVENT VALVE,UNIT,10,274,ELECTRA-NETWORK SUPPLY,34.31
CE1140A3,2025-08-06,USED ELECTRIC MOTOR 60HP (AX75139),EQUIPMENT,1,SDO-CTL-SM-006,ELECTRA-NETWORK SUPPLY,35.35
FFBE3395,2025-08-06,USED ELECTRIC MOTOR 60HP (AU81272),EQUIPMENT,1,SDO-CTL-SM-006,INDUSTRIAL GLOBAL SOLUTIONS,35.43
64306FC8,2025-08-06,USED ELECTRIC MOTOR 60HP (1009313303),EQUIPMENT,1,SDO-CTL-SM-006,ELECTRA-NETWORK SUPPLY,35.21
66C17B82,2025-08-06,USED ELECTRIC MOTOR 60HP (4W093J05-077),EQUIPMENT,1,SDO-CTL-SM-006,GENERAL SERVICES & LOGISTICS CO.,35.01
B134917E,2025-08-06,USED ELECTRIC MOTOR 60HP (090200316),UNIT,1,SDO-CTL-SM-006,GENERAL SERVICES & LOGISTICS CO.,34.97
0E2EFD87,2025-08-06,USED ELECTRIC MOTOR 75HP (09100904),EQUIPMENT,1,SDO-CTL-SM-006,GENERAL SERVICES & LOGISTICS CO.,34.86
BE553788,2025-08-06,USED ELECTRIC MOTOR 75HP (1W03J35-0054),EQUIPMENT,1,SDO-CTL-SM-006,GENERAL SERVICES & LOGISTICS CO.,35.21
158E0A22,2025-08-06,ELECTRIC MOTOR 75HP USED (A67918),EQUIPMENT,1,SDO-CTL-SM-006,GENERAL SERVICES & LOGISTICS CO.,34.39
B1E19E9D,2025-08-06,ELECTRIC MOTOR 75HP USED (S09107101390001M0003),EQUIPMENT,1,SDO-CTL-SM-006,INDUSTRIAL GLOBAL SOLUTIONS,35.34
19D0F85A,2025-08-06,USED ELECTRIC MOTOR 75HP (11107101390001M0075),EQUIPMENT,1,SDO-CTL-SM-006,ELECTRA-NETWORK SUPPLY,34.59
73B5A429,2025-08-06,USED ELECTRIC MOTOR 75HP (1029403657),EQUIPMENT,1,SDO-CTL-SM-006,ELECTRA-NETWORK SUPPLY,34.75
9CE508B0,2025-08-06,USED ELECTRIC MOTOR 75HP (1027103951),UNIT,1,SDO-CTL-SM-006,INDUSTRIAL GLOBAL SOLUTIONS,34.32
58D041C9,2025-08-08,9V SQUARE BATTERY POS.9,UNIT,8,277,ELECTRA-NETWORK SUPPLY,314.2
20269E32,2025-08-08,"FREQUENCY DRIVE (VDF) VOLTAGE 480, POWER 150HP",UNIT,9,276,INDUSTRIAL GLOBAL SOLUTIONS,2828.27
557108A7,2025-09-08,"FREQUENCY DRIVE (VDF) VOLTAGE 480, POWER 100HP",UNIT,6,276,ELECTRA-NETWORK SUPPLY,2815.81
F76DD54B,2025-08-08,TYPE C BATTERY POS.10,UNIT,18,277,INDUSTRIAL GLOBAL SOLUTIONS,320.29
E32CCC41,2025-08-08,ANTI-CUT PADLOCK POS.63,UNIT,10,277,ELECTRA-NETWORK SUPPLY,34.45
A77E179E,2025-08-09,"AC MOTOR 1500HP,4160,40CG50,RELIAN OR SIMILAR",UNIT,1,282,GENERAL SERVICES & LOGISTICS CO.,34.47
23D84D1A,2025-08-09,STATIC GAS SEPARATOR OF 5/12 BOTTOM,UNIT,6,278,GENERAL SERVICES & LOGISTICS CO.,35.37
B597CD69,2025-08-09,BRC HAMMER 5 KG,UNIT,4,281,GENERAL SERVICES & LOGISTICS CO.,35.52
43E1A9D1,2025-08-09,PIPE WRENCH 36IN 5IN,UNIT,4,281,GENERAL SERVICES & LOGISTICS CO.,34.52
30755609,2025-08-09,PIPE WRENCH 24IN 3IN,UNIT,4,281,GENERAL SERVICES & LOGISTICS CO.,35.25
8D5DF887,2025-08-09,PIPE WRENCH 8IN,UNIT,4,281,INDUSTRIAL GLOBAL SOLUTIONS,35.61
EAA67C96,2025-08-09,ADJUSTABLE WRENCH 8IN,UNIT,4,281,ELECTRA-NETWORK SUPPLY,34.39
511C444F,2025-08-09,ADJUSTABLE WRENCH 10IN,UNIT,4,281,GENERAL SERVICES & LOGISTICS CO.,35.48
DD854B1F,2025-08-09,ADJUSTABLE WRENCH 12IN,UNIT,4,281,INDUSTRIAL GLOBAL SOLUTIONS,35.31
EA5150C7,2025-08-09,TOLSEN PADLOCK,UNIT,10,281,ELECTRA-NETWORK SUPPLY,35.2
B1C0CD2D,2025-08-09,"WRENCHES 1-1/16""",UNIT,4,281,GENERAL SERVICES & LOGISTICS CO.,35.62
DA7E8FD9,2025-08-09,WRENCHES 32 MM,UNIT,4,281,INDUSTRIAL GLOBAL SOLUTIONS,34.65
8890103F,2025-08-09,"WRENCHES 1-1/4""",UNIT,4,281,ELECTRA-NETWORK SUPPLY,35.04
DE600433,2025-08-09,"WRENCHES 7/8""",UNIT,4,281,GENERAL SERVICES & LOGISTICS CO.,35.07
48EE4A16,2025-08-09,WRENCHES 30 MM,UNIT,4,281,INDUSTRIAL GLOBAL SOLUTIONS,34.51
0106BF64,2025-08-09,"WRENCHES 1-1/2""",UNIT,4,281,ELECTRA-NETWORK SUPPLY,34.76
66E4ED92,2025-08-09,HALF RATCHETS,UNIT,8,281,GENERAL SERVICES & LOGISTICS CO.,35.33
CABD3C5B,2025-08-09,"FORCE LEVER 1/2""",UNIT,4,281,ELECTRA-NETWORK SUPPLY,34.39
1B4AD68F,2025-08-09,SCREWDRIVERS OF SHOVEL,UNIT,4,281,INDUSTRIAL GLOBAL SOLUTIONS,35.13
EB720802,2025-08-09,"GOAT LEG 36""",UNIT,4,281,GENERAL SERVICES & LOGISTICS CO.,34.96
8DF8F16A,2025-08-09,"WRENCHES 1-1/8""",UNIT,4,281,GENERAL SERVICES & LOGISTICS CO.,34.77
183119A3,2025-08-09,GLASS FIBER CONNECTION BOX,UNIT,1,280,GENERAL SERVICES & LOGISTICS CO.,34.48
EF8CB270,2025-08-09,ALUMINIZED ADHESIVE TAPE,ROLL,2,280,INDUSTRIAL GLOBAL SOLUTIONS,35.17
9799C359,2025-08-09,POLYURETHANE SPRAY,UNIT,1,280,ELECTRA-NETWORK SUPPLY,34.6
9AEA11D3,2025-08-09,RUBBER SPLICING TAPE 23,ROLL,6,280,GENERAL SERVICES & LOGISTICS CO.,26.48
FFBB1F3E,2025-08-11,"COMBINATION CROSS OVER 5-1/2""LCT BOX X 3-1/2"" EUE PIN",UNIT,3,283,ELECTRA-NETWORK SUPPLY,35.11
F5B0CAFA,2025-08-13,"SUCTION RODS 1 1/4"" WITH 1 1/8"" PIN",UNIT,500,284,GENERAL SERVICES & LOGISTICS CO.,35.48
220E3C9D,2025-08-14,BOM CAVPRO 600 A 700 BLD/100 RPM 5000 A,UNIT,3,286,ELECTRA-NETWORK SUPPLY,35.39
DE50BEA9,2025-08-16,VOLTAGE SWITCH,UNIT,1,286,GENERAL SERVICES & LOGISTICS CO.,35.11
FABFE8C2,2025-08-18,"PIPE NECK PROTECTORS 4 1/2""- 800 WEDGES",UNIT,1100,287,ELECTRA-NETWORK SUPPLY,35.56
3C7DFA59,2025-08-18,DATALOGGER,UNIT,4,287,ELECTRA-NETWORK SUPPLY,35.3
6509DA0D,2025-08-18,SURFACE PANEL SUPPORT,UNIT,4,287,ELECTRA-NETWORK SUPPLY,35.0
939A0092,2025-08-18,CABLE CONNECTION 1/4 TYPE TEC LINE,FEET,33000,287,ELECTRA-NETWORK SUPPLY,34.47
08EFB197,2025-08-18,BOTTOM SENSORS,UNIT,11,287,GENERAL SERVICES & LOGISTICS CO.,35.32
AEEAFE78,2025-08-18,JUNCTION BOX,UNIT,11,287,INDUSTRIAL GLOBAL SOLUTIONS,35.12
FEDA1D99,2025-08-18,"SENSOR HOLDER 4 1/2"" 12.75#EU CPLG BOX X PIN X 10FT",UNIT,4,287,ELECTRA-NETWORK SUPPLY,34.39
AC6C4AE3,2025-08-18,"SENSOR HOLDER 5 1/2"" 17#LC CPLG BOX X PIN X 10FT",UNIT,7,287,INDUSTRIAL GLOBAL SOLUTIONS,34.75
9563267C,2025-08-18,"COMMUNICATION CABLE 18 AWG-2, ARMORED COND",METER,1650,287,ELECTRA-NETWORK SUPPLY,34.72
99074F03,2025-08-19,PIPE REV 5-1/2 IN 17.00# J55 BTC R2,JT,420,288,ELECTRA-NETWORK SUPPLY,34.39
AD013DE2,2025-08-19,"CROSSOVER 5-1/2"" BTC PIN X 5-1/2"" BTC BOX",UNIT,19,288,ELECTRA-NETWORK SUPPLY,35.07
18EFAFFE,2025-08-19,"CROSSOVER 5-1/2"" LTC PIN X 5-1/2"" BTC BOX",UNIT,21,288,GENERAL SERVICES & LOGISTICS CO.,35.07
F5B0CAFA,2025-08-19,"SUCTION RODS 1 1/4"" WITH 1 1/8"" PIN",UNIT,460,289,GENERAL SERVICES & LOGISTICS CO.,34.52
3C755447,2025-08-21,55-INCH LG UHD TV,UNIT,2,SDO-MIG-MTTO-008,ELECTRA-NETWORK SUPPLY,34.94
1EF1C7BF,2025-08-21,TV BASE,UNIT,2,SDO-MIG-MTTO-008,INDUSTRIAL GLOBAL SOLUTIONS,35.59
DF07A138,2025-08-21,KEYBOARD WITH MOUSE,UNIT,8,SDO-MIG-MTTO-008,ELECTRA-NETWORK SUPPLY,34.55
F9B18E86,2025-08-21,DELL CPU,UNIT,8,SDO-MIG-MTTO-008,INDUSTRIAL GLOBAL SOLUTIONS,34.45
C8D2FA75,2025-08-21,SAMSUNG MONITOR,UNIT,8,SDO-MIG-MTTO-008,ELECTRA-NETWORK SUPPLY,34.69
648EF44E,2025-08-21,LAPTOP V14 G4 LENOVO,UNIT,1,SDO-MIG-MTTO-008,GENERAL SERVICES & LOGISTICS CO.,34.41
58A17B0F,2025-08-21,LAPTOP C14 G5 LENOVO,UNIT,1,SDO-MIG-MTTO-008,GENERAL SERVICES & LOGISTICS CO.,34.59
7B1F38AE,2025-08-22,"COUPLING 1 1/2"" QUADRANT 1/2""",UNIT,2,291,GENERAL SERVICES & LOGISTICS CO.,35.06
D28F64F0,2025-08-22,"COUPLING 1 1/16"" QUADRANT 1/2""",UNIT,2,291,GENERAL SERVICES & LOGISTICS CO.,34.34
7DA6AE99,2025-08-22,ASTM A 105 TUB 4IN 300 40/SDT FACE FINISH 125 TO 250IN SLD NECK FLANGE,UNIT,52,292,INDUSTRIAL GLOBAL SOLUTIONS,35.2
0FE84154,2025-08-22,ASTM A 105 TUB 3IN 300 40/SDT FINISH 125 TO 250IN SLD NECK FLANGE,UNIT,30,292,ELECTRA-NETWORK SUPPLY,35.62
BE3AF9C2,2025-08-22,FLANGE SOCKET 1/2IN 300LB 80/XS,UNIT,16,292,GENERAL SERVICES & LOGISTICS CO.,34.94
AD811F26,2025-08-22,3-IN 300# GATE VALVE,UNIT,10,292,ELECTRA-NETWORK SUPPLY,34.97
2CDEA14B,2025-08-22,"4"" 300# GATE VALVE",UNIT,3,292,ELECTRA-NETWORK SUPPLY,34.99
FEA07818,2025-08-22,"3"" 300 STANDARD CHECK VALVE",UNIT,1,292,INDUSTRIAL GLOBAL SOLUTIONS,35.04
40602D81,2025-08-22,SPIRAL GASKET 1/2' 300,UNIT,16,292,INDUSTRIAL GLOBAL SOLUTIONS,35.53
2092F63E,2025-08-22,FREQUENCY DRIVE ABB VOLTAGE 480 POWER 150 HP,UNIT,6,294,ELECTRA-NETWORK SUPPLY,2829.08
D0EF4FE8,2025-08-22,THREE-POLE SWITCH 34.5 KV 600AMP,UNIT,4,SDO-SSEE-69-020,ELECTRA-NETWORK SUPPLY,35.03
41B969EC,2025-08-25,"IMPACT WRENCH 1 1/16""",UNIT,1,295,GENERAL SERVICES & LOGISTICS CO.,35.65
01A08528,2025-08-25,"IMPACT WRENCH 1 1/4""",UNIT,1,295,INDUSTRIAL GLOBAL SOLUTIONS,34.83
37DC4653,2025-08-25,EYE NUT FOR 5/8 BOLT,UNIT,120,SDO-SSEE-69-021,GENERAL SERVICES & LOGISTICS CO.,34.99
121FF12B,2025-08-25,CORIOLIS TYPE FLOW METER R050S114NCAM,UNIT,1,SDO-CTL-ODS-38-030,ELECTRA-NETWORK SUPPLY,34.93
334EEEE7,2025-08-25,CORIOLIS TRANSMITTER MODEL 1700I11DBMSZZZ,UNIT,1,SDO-CTL-ODS-38-030,INDUSTRIAL GLOBAL SOLUTIONS,34.6
F63A43E3,2025-08-27,TERMINAL BIMETAL TYPE BARRUCADA ONE EYE 3/0,UNIT,39,298,ELECTRA-NETWORK SUPPLY,13.34
ADA9DD9D,2025-08-27,OLEOPHILIC ABSORBENT MANTLE 80CTMS X 50MTS,ROLL,30,297,INDUSTRIAL GLOBAL SOLUTIONS,34.45
893926C9,2025-08-27,LOOSE COCO FIBER 40KGS 1MTS X 50CMS,BALE,30,297,INDUSTRIAL GLOBAL SOLUTIONS,35.24
5F158BAC,2025-08-27,CABLE TAPE PLASTIC,PACKAGE,15,297,INDUSTRIAL GLOBAL SOLUTIONS,34.83
8B4D53CA,2025-08-27,4-TEETH RAKE,UNIT,3,297,ELECTRA-NETWORK SUPPLY,34.96
D122F89B,2025-08-27,SQUARE SHOVEL,UNIT,6,297,ELECTRA-NETWORK SUPPLY,34.57
36680C06,2025-08-27,COPPER WIRE,ROLL,10,297,ELECTRA-NETWORK SUPPLY,35.15
D1319B42,2025-08-27,RECHARGEABLE LANTERN,UNIT,3,297,INDUSTRIAL GLOBAL SOLUTIONS,35.43
9D78BAA2,2025-08-27,"CUTTING KNIFE 22""",UNIT,4,297,ELECTRA-NETWORK SUPPLY,35.11
6652D4DC,2025-08-27,TIP OF TIP AND SHOVEL WITH CABLE,UNIT,6,297,ELECTRA-NETWORK SUPPLY,34.42
067E00FE,2025-08-27,WHITE TYVEX SLEEVES,UNIT,242,297,ELECTRA-NETWORK SUPPLY,34.77
A637D8CD,2025-08-27,LEATHER GLOVES,PAIR,100,297,INDUSTRIAL GLOBAL SOLUTIONS,3.65
C47D1FC8,2025-08-27,RUBBER BOOTS T-38,PAIR,3,297,INDUSTRIAL GLOBAL SOLUTIONS,35.65
38A27E60,2025-08-27,RUBBER BOOT T-40,PAIR,6,297,ELECTRA-NETWORK SUPPLY,34.4
6038736C,2025-08-27,RUBBER BOOT T-41,PAIR,6,297,GENERAL SERVICES & LOGISTICS CO.,34.49
3A13F4C3,2025-08-27,RUBBER BOOT T-42,PAIR,6,297,GENERAL SERVICES & LOGISTICS CO.,34.57
0526468E,2025-08-27,RUBBER BOOT T-43,PAIR,5,297,ELECTRA-NETWORK SUPPLY,35.62
1855D234,2025-08-30,MOOG SERVOVALVE 760N1174A,UNIT,1,SDO-GL-TURBO-060,INDUSTRIAL GLOBAL SOLUTIONS,34.98
8DD73206,2025-08-30,GAUMER UPDATE OF THE HEATER PANEL OF THE GAS SKID,UNIT,1,SDO-GL-TURBO-061,INDUSTRIAL GLOBAL SOLUTIONS,34.61
A39F7207,2025-08-31,30 AMP THREE-PHASE BREAKER WITH THREADED CONNECTION,UNIT,4,303,ELECTRA-NETWORK SUPPLY,35.27
A7C73022,2025-08-31,80 AMP THREE-PHASE BREAKER WITH THREADED CONNECTION,UNIT,1,303,ELECTRA-NETWORK SUPPLY,35.51
579439AF,2025-08-31,SYMMETRIC FUSE RAIL 4 AMP,UNIT,50,304,GENERAL SERVICES & LOGISTICS CO.,35.4
C802B41D,2025-08-31,SYMMETRIC FUSE HOLDER 6 AMP,UNIT,50,304,INDUSTRIAL GLOBAL SOLUTIONS,34.93
D37FC2F3,2025-08-29,BOM CAVPRO 300 A 400 BLD/100 RPM 5000 A,UNIT,2,302,INDUSTRIAL GLOBAL SOLUTIONS,35.28
BE4ACD65,2025-09-01,TYVEK-POLYETHYLENE PROTECTIVE SUIT HIGH D WHITE,UNIT,8,305,INDUSTRIAL GLOBAL SOLUTIONS,34.77
3909D9B9,2025-09-01,CHEMICAL RUBBER BOOT ACID RESISTANT 43 BLACK,PAIR,2,305,INDUSTRIAL GLOBAL SOLUTIONS,35.18
0BCDF54C,2025-09-04,BALL VALVE AD-9,UNIT,1,309,INDUSTRIAL GLOBAL SOLUTIONS,35.13
04D1D82D,2025-08-31,FUSE HOLDERS FOR CABLE #16 EUROPEAN MODEL FTB,UNIT,500,299,INDUSTRIAL GLOBAL SOLUTIONS,35.48
47FCBD09,2025-09-08,COMMUNICATION EQUIPMENT FOR HART PROTOCOL,UNIT,1,317,INDUSTRIAL GLOBAL SOLUTIONS,34.57
AF65A8E5,2025-09-06,PROGRESSIVE CAVITY PUMP 600 A 700 BDL/100 RPM 5000A,UNIT,1,314,INDUSTRIAL GLOBAL SOLUTIONS,35.47
9D1DBDD5,2025-09-05,"CROSS OVER 4-1/2 EUE PIN X 5-1/2"" LTC BOX",UNIT,21,313,GENERAL SERVICES & LOGISTICS CO.,34.87
3035656B,2025-09-05,"5-1/2"" LTC DRAIN VALVE",UNIT,13,313,GENERAL SERVICES & LOGISTICS CO.,35.32
47857322,2025-09-05,"4-1/2"" EUE DRAIN VALVE",UNIT,8,313,INDUSTRIAL GLOBAL SOLUTIONS,34.52
43F6FBC6,2025-09-05,"TORQUE ANCHOR 9-5/8"" X 5-1/2"" LTC",UNIT,7,313,INDUSTRIAL GLOBAL SOLUTIONS,34.64
28544CC6,2025-09-10,MULTIPHASE PUMP BORNEMANN MW9.5ZK-90,UNIT,1,SDO-CTL-004,INDUSTRIAL GLOBAL SOLUTIONS,34.83
6D0A347E,2025-09-10,A/A 10 TON,UNIT,6,310,ELECTRA-NETWORK SUPPLY,35.36
D37FC2F3,2025-09-09,BOM CAVPRO 300 A 400 BLD/100 RPM 5000 A,UNIT,3,318,GENERAL SERVICES & LOGISTICS CO.,35.45
5B64D353,2025-09-05,OIL VIEWER FOR VACUUM,UNIT,2,310,GENERAL SERVICES & LOGISTICS CO.,15.44
B134917E,2025-09-10,USED ELECTRIC MOTOR 60HP (090200316),UNIT,2,SDO-CTL-008,ELECTRA-NETWORK SUPPLY,34.54
9CE508B0,2025-09-10,USED ELECTRIC MOTOR 75HP (1027103951),UNIT,1,SDO-CTL-008,GENERAL SERVICES & LOGISTICS CO.,35.04
BEC9C880,2025-09-10,ELECTRIC MOTOR 50HP,UNIT,2,SDO-CTL-008,ELECTRA-NETWORK SUPPLY,35.54
C84F806F,2025-09-10,ELECTRIC MOTOR 100HP,UNIT,1,SDO-CTL-008,ELECTRA-NETWORK SUPPLY,34.58
C1C7535C,2025-09-10,ELECTRIC MOTOR 300HP,UNIT,1,SDO-CTL-008,ELECTRA-NETWORK SUPPLY,34.31
49D02BB9,2025-09-11,"4"" 300 RF GATE VALVE WITH SAP 545604 WHEEL",UNIT,16,322,INDUSTRIAL GLOBAL SOLUTIONS,34.75
A0ABF290,2025-07-26,CAUSTIC SODA,SACK,60,SDO-PERF-25-025,GENERAL SERVICES & LOGISTICS CO.,35.26
56711743,2025-07-26,XANTIC RUBBER,SACK,159,SDO-PERF-25-025,INDUSTRIAL GLOBAL SOLUTIONS,35.06
AF65A8E5,2025-07-27,PROGRESSIVE CAVITY PUMP 600 A 700 BDL/100 RPM 5000A,UNIT,2,267,ELECTRA-NETWORK SUPPLY,34.75
56711743,2025-07-29,XANTIC RUBBER,SACK,52,SDO-PERF-25-026,INDUSTRIAL GLOBAL SOLUTIONS,35.18
F63A43E3,2025-09-07,TERMINAL BIMETAL TYPE BARRUCADA ONE EYE 3/0,UNIT,100,315,INDUSTRIAL GLOBAL SOLUTIONS,13.36
CB2B3A71,2025-09-07,"TMCX CONNECTORS 3/4""",UNIT,30,315,GENERAL SERVICES & LOGISTICS CO.,34.88
154958EF,2025-09-07,"EXTERNAL LED LAMPS OF 400W, 208V",UNIT,24,315,GENERAL SERVICES & LOGISTICS CO.,34.32
9C3DC62E,2025-09-07,PRESSURE GAUGE 0-600 PSI,UNIT,7,315,INDUSTRIAL GLOBAL SOLUTIONS,35.33
417DC46D,2025-09-17,"100"" JVC TV",UNIT,1,335,ELECTRA-NETWORK SUPPLY,34.66
768AA828,2025-09-22,OUTDOOR TERMINAL CAP 15-35KV,UNIT,18,342,INDUSTRIAL GLOBAL SOLUTIONS,13.52
8F8A7900,2025-09-22,TERMINAL CAP TERMINATION QT III 7693-54,UNIT,33,342,INDUSTRIAL GLOBAL SOLUTIONS,13.52
5B50F35C,2025-09-22,OUTDOOR TERMINAL CAP 5-15KV,UNIT,3,342,GENERAL SERVICES & LOGISTICS CO.,13.35
E489C82F,2025-09-12,BRONZE HAMMER 6LB WITH WOODEN HANDLE,UNIT,3,340,INDUSTRIAL GLOBAL SOLUTIONS,34.78
6FA34F3F,2025-09-25,MINI MODULE FMM-101,UNIT,3,SDO-GL-TURBO-065,ELECTRA-NETWORK SUPPLY,35.58
B2B88649,2025-09-25,OUTDOOR BASE,UNIT,2,SDO-GL-TURBO-065,INDUSTRIAL GLOBAL SOLUTIONS,35.3
53246E8E,2025-09-25,MANUAL STATION PROTECTOR,UNIT,2,SDO-GL-TURBO-065,GENERAL SERVICES & LOGISTICS CO.,34.44
A8DB7C35,2025-09-25,INTELIGENT NOTIFIER MANUAL STATIONS,UNIT,2,SDO-GL-TURBO-065,GENERAL SERVICES & LOGISTICS CO.,35.01
FADB77A6,2025-09-25,SMOKE DETECTOR SALWICO BRAND,UNIT,2,SDO-GL-TURBO-065,ELECTRA-NETWORK SUPPLY,35.05
734D7C3C,2025-09-25,STROBOSCOPIC LIGHT,UNIT,2,SDO-GL-TURBO-065,GENERAL SERVICES & LOGISTICS CO.,35.25
D68AB53D,2025-09-25,STROBOSCOPIC ALARM,UNIT,2,SDO-GL-TURBO-065,ELECTRA-NETWORK SUPPLY,34.53
22B902F6,2025-09-15,"1 1/4"" X 25 FT PIN X PIN ROD",UNIT,1360,331,ELECTRA-NETWORK SUPPLY,34.43
4AC08A8F,2025-09-15,"SHORT ROD 1-1/4"" X 10 FT",UNIT,7,331,ELECTRA-NETWORK SUPPLY,35.11
6BA85EAD,2025-09-15,"NIPPLE 4-1/2"" J55 12.75 LBS/FT",UNIT,1,331,ELECTRA-NETWORK SUPPLY,34.81
22B902F6,2025-09-16,"1 1/4"" X 25 FT PIN X PIN ROD",UNIT,600,332,ELECTRA-NETWORK SUPPLY,35.34
B462A715,2025-09-16,"SHORT ROD 1-1/4"" X 2 FT",UNIT,11,332,GENERAL SERVICES & LOGISTICS CO.,35.58
F09C9880,2025-09-16,"SHORT ROD 1-1/4"" X 8 FT",UNIT,11,332,ELECTRA-NETWORK SUPPLY,34.52
4AC08A8F,2025-09-16,"SHORT ROD 1-1/4"" X 10 FT",UNIT,11,332,GENERAL SERVICES & LOGISTICS CO.,34.72
43F6FBC6,2025-09-16,"TORQUE ANCHOR 9-5/8"" X 5-1/2"" LTC",UNIT,18,332,GENERAL SERVICES & LOGISTICS CO.,35.51
9AA85B21,2025-09-16,PIPE NIPPLE 5-1/2 X 4-1/2 IN LTC COUPLING,UNIT,8,332,GENERAL SERVICES & LOGISTICS CO.,35.06
F159C7C3,2025-09-16,COMBINATION NIPPLE 4-1/2 X 5-1/2 IN EUE COUPLING,UNIT,40,332,ELECTRA-NETWORK SUPPLY,34.52
69186A02,2025-09-16,DRAIN NIPPLE 4-1/2 IN RUPTURE,UNIT,20,332,GENERAL SERVICES & LOGISTICS CO.,35.35
FFF40DAB,2025-09-16,DRAIN NIPPLE 5-1/2 IN RUPTURE,UNIT,19,332,GENERAL SERVICES & LOGISTICS CO.,34.87
23D84D1A,2025-09-16,STATIC GAS SEPARATOR OF 5/12 BOTTOM,UNIT,6,332,ELECTRA-NETWORK SUPPLY,34.88
22B902F6,2025-09-17,"1 1/4"" X 25 FT PIN X PIN ROD",UNIT,400,333,INDUSTRIAL GLOBAL SOLUTIONS,35.4
22B902F6,2025-09-18,"1 1/4"" X 25 FT PIN X PIN ROD",UNIT,500,334,GENERAL SERVICES & LOGISTICS CO.,35.06
20269E32,2025-09-18,"FREQUENCY DRIVE (VDF) VOLTAGE 480, POWER 150HP",UNIT,24,336,ELECTRA-NETWORK SUPPLY,2829.78
557108A7,2025-09-19,"FREQUENCY DRIVE (VDF) VOLTAGE 480, POWER 100HP",UNIT,6,338,INDUSTRIAL GLOBAL SOLUTIONS,2819.03
F14F3599,2025-09-19,FREQUENCY DRIVE 1500 HP,UNIT,1,339,ELECTRA-NETWORK SUPPLY,2888.45
3FF9F8F0,2025-09-24,SLEEPER TRAILER,UNIT,3,343,GENERAL SERVICES & LOGISTICS CO.,34.85
6A335FF8,2025-09-24,"18,000 BTU AIR CONDITIONER",EQUIPMENT,6,343,INDUSTRIAL GLOBAL SOLUTIONS,34.39
F9718EFC,2025-09-24,PRESIDENTIAL MESH CHAIR,UNIT,6,343,INDUSTRIAL GLOBAL SOLUTIONS,34.97
76057910,2025-09-24,EXECUTIVE REFRIGERATOR VOLTAGE 110V,EQUIPMENT,3,343,GENERAL SERVICES & LOGISTICS CO.,34.68
864B246B,2025-09-24,HORNO MICROONDAS,EQUIPMENT,3,343,GENERAL SERVICES & LOGISTICS CO.,35.26
7FF317E4,2025-09-24,LOCKER TYPE CABINET,UNIT,12,343,ELECTRA-NETWORK SUPPLY,35.42
FBF91A8A,2025-09-24,ELECTRIC COFFEEMAKER,EQUIPMENT,3,343,GENERAL SERVICES & LOGISTICS CO.,34.73
908CAD07,2025-09-24,INDIVIDUAL SHEETS WITH PDVSA LOGO IN BLUE,UNIT,48,343,GENERAL SERVICES & LOGISTICS CO.,35.02
FCF9E9CD,2025-09-24,BLANKET,UNIT,48,343,INDUSTRIAL GLOBAL SOLUTIONS,34.9
F8411D81,2025-09-24,WHITE PILLOWS,UNIT,24,343,ELECTRA-NETWORK SUPPLY,34.41
72505292,2025-09-24,METAL BUNK BED,UNIT,12,343,GENERAL SERVICES & LOGISTICS CO.,35.51
F45B0B25,2025-09-24,WASHER AND DRYER CAPACITY 12 KL,EQUIPMENT,3,343,INDUSTRIAL GLOBAL SOLUTIONS,34.92
512F5A47,2025-09-24,WATER TANK CAPACITY 1500 LTRS,EQUIPMENT,3,343,INDUSTRIAL GLOBAL SOLUTIONS,34.31
20269E32,2025-09-24,"FREQUENCY DRIVE (VDF) VOLTAGE 480, POWER 150HP",UNIT,5,344,INDUSTRIAL GLOBAL SOLUTIONS,2806.98
557108A7,2025-09-24,"FREQUENCY DRIVE (VDF) VOLTAGE 480, POWER 100HP",UNIT,5,344,INDUSTRIAL GLOBAL SOLUTIONS,2902.34
C8234BE2,2025-09-28,"TEMPERATURE TRANSMITTER 3144P CONNECTION 1/2"" NPT",UNIT,3,347,ELECTRA-NETWORK SUPPLY,34.74
C1C7535C,2025-09-26,ELECTRIC MOTOR 300HP,UNIT,2,SDO-CTL-010,ELECTRA-NETWORK SUPPLY,34.76
878FAA00,2025-09-26,ELECTRIC MOTOR 150HP,UNIT,1,SDO-CTL-010,INDUSTRIAL GLOBAL SOLUTIONS,34.63
1D022121,2025-09-26,ELECTRIC MOTOR 200HP,UNIT,1,SDO-CTL-010,GENERAL SERVICES & LOGISTICS CO.,35.48
63EB1249,2025-09-12,CRUDE OIL ABSORBENT BARRIER 8IN X 10FT,UNIT,130,324,INDUSTRIAL GLOBAL SOLUTIONS,34.36
A771B131,2025-09-12,40X8 CM ROAD BRUSH,UNIT,6,324,GENERAL SERVICES & LOGISTICS CO.,34.91
214DFD63,2025-09-12,DEGREASER/BIODEGRADABLE,DRUM,1,324,ELECTRA-NETWORK SUPPLY,34.78
6AFA2C11,2025-09-12,RECHARGEABLE LANTERN OF 12,UNIT,1,324,GENERAL SERVICES & LOGISTICS CO.,34.89
9C5B914C,2025-09-30,PROGRESSIVE CAVITY PUMPS 300 TO 400 BDL/100 RPM,UNIT,3,350,GENERAL SERVICES & LOGISTICS CO.,35.33
7B5E8CA8,2025-09-30,BCP 400 A 500 BPD A 100 RPM/5000 FT (80-1600),UNIT,2,350,GENERAL SERVICES & LOGISTICS CO.,35.41
76D4C2F3,2025-09-30,CBZL CIR 52500 LB/FT 1-1/2 IN,UNIT,4,322,INDUSTRIAL GLOBAL SOLUTIONS,35.61
220E3C9D,2025-07-27,BOM CAVPRO 600 A 700 BLD/100 RPM 5000 A,UNIT,2,267,ELECTRA-NETWORK SUPPLY,34.52
16B26451,2025-09-11,PERFORATED NIPPLE 30FT 12.75 WITH 4 1/2 THREAD,UNIT,1,323,INDUSTRIAL GLOBAL SOLUTIONS,34.95
9BBC1C49,2025-09-11,"PONY RODS (SHORT ROD) OF 1 1/4"" 11B 10FT",UNIT,7,323,INDUSTRIAL GLOBAL SOLUTIONS,34.46
6E838C6A,2025-09-21,TERMINAL TYPE BARRACUDA ONE EYE FOR 3/0 CABLE,UNIT,160,341,INDUSTRIAL GLOBAL SOLUTIONS,13.12
F08A8727,2025-02-27,ROTARY HEAD WITH BELT AND PULLEYS BCP DOUBLE MOTOR 150 HP (75 HP EACH),UNIT,10,NOT SPECIFIED,ELECTRA-NETWORK SUPPLY,35.24
F6E6A08D,2025-09-27,2000 KVA POWER TRANSFORMER; 34.5 KV; 480-277V,UNIT,1,170,GENERAL SERVICES & LOGISTICS CO.,35.32
31B6E4E4,2025-10-02,RAGS,BULK/PACKAGE,3,351,ELECTRA-NETWORK SUPPLY,35.66
318AF448,2025-10-02,CONTACT CLEANER,UNIT,2,351,INDUSTRIAL GLOBAL SOLUTIONS,35.4
FA232ADD,2025-10-02,"4"" BRUSH",UNIT,10,351,INDUSTRIAL GLOBAL SOLUTIONS,34.98
13864745,2025-10-02,DIELECTRIC SOLVENT,GALLON,1,351,GENERAL SERVICES & LOGISTICS CO.,35.5
5EE4D585,2025-10-03,FREQUENCY DRIVE OF 1500 HP,UNIT,2,176,GENERAL SERVICES & LOGISTICS CO.,2869.02
E4B527AA,2025-10-03,COPPER BARS 50 CM LONG X 40 MM WIDE X 10 MM THICK,UNIT,39,175,ELECTRA-NETWORK SUPPLY,34.81
5AE70440,2025-10-03,250 AMP INDUSTRIAL BREAKER,UNIT,46,175,ELECTRA-NETWORK SUPPLY,35.06
50797A61,2025-10-03,NEOPRENE GLOVES,PAIR,2,175,INDUSTRIAL GLOBAL SOLUTIONS,35.04
318AF448,2025-10-03,CONTACT CLEANER,UNIT,3,175,INDUSTRIAL GLOBAL SOLUTIONS,35.35
2F3BC800,2025-10-03,"THREE-PHASE DRY TYPE TRANSFORMER, 75 KVA, 480/208- 120.INDOOR USE",UNIT,3,175,ELECTRA-NETWORK SUPPLY,34.47
8922FDA8,2025-10-03,"THREE-PHASE DRY TYPE TRANSFORMER, 45 KVA, 480/208- 120.INDOOR USE",UNIT,2,175,GENERAL SERVICES & LOGISTICS CO.,34.55
C8234BE2,2025-10-03,"TEMPERATURE TRANSMITTER 3144P CONNECTION 1/2"" NPT",UNIT,3,175,GENERAL SERVICES & LOGISTICS CO.,34.32
EEC765B9,2025-10-03,NORMAL SWITCH,UNIT,3,353,INDUSTRIAL GLOBAL SOLUTIONS,34.49
7F3BD1F4,2025-10-03,CONTROL CABLE CALIBER #18 AWG COLOR RED,METER,300,353,ELECTRA-NETWORK SUPPLY,34.62
39F694D3,2025-10-03,#14 AWG 105° BLACK COLOR CABLE,METER,100,353,ELECTRA-NETWORK SUPPLY,34.41
689796DA,2025-10-03,#14 AWG 105° RED COLOR CABLE,METER,100,353,GENERAL SERVICES & LOGISTICS CO.,34.75
5AE70440,2025-10-03,250 AMP INDUSTRIAL BREAKER,UNIT,30,353,INDUSTRIAL GLOBAL SOLUTIONS,34.94
1D32909A,2025-10-03,TERMINAL FORK TYPE NUMBER 14,UNIT,340,353,GENERAL SERVICES & LOGISTICS CO.,13.48
0143330C,2025-10-03,CURRENT INTAKE,UNIT,6,353,GENERAL SERVICES & LOGISTICS CO.,34.75
6E838C6A,2025-10-04,TERMINAL TYPE BARRACUDA ONE EYE FOR 3/0 CABLE,UNIT,150,356,INDUSTRIAL GLOBAL SOLUTIONS,13.08
59A25FFF,2025-10-06,HIDROJET ELECTRICO 2000 PSI,UNIT,1,177,ELECTRA-NETWORK SUPPLY,34.52
6416A515,2025-10-06,TERMINAL TYPE BARRACUDA 2/0,UNIT,2000,177,GENERAL SERVICES & LOGISTICS CO.,13.18
ED89F6AF,2025-10-07,G.E RELAY MULTILIN SR 469-P5-HI-A20-E-C,UNIT,1,180,INDUSTRIAL GLOBAL SOLUTIONS,35.2
66B0D3FF,2025-10-07,"POWER CONTROL TRANSFORMER. MODEL PT3-2-45. 4200,120",UNIT,1,180,ELECTRA-NETWORK SUPPLY,35.18
89463112,2025-10-07,TURBO OIL ISO 32,DRUM,1,363,INDUSTRIAL GLOBAL SOLUTIONS,34.3
1566FBD9,2025-10-07,STANDARD SOCKET 12 POINTS 1-1/4 IN,UNIT,2,182,ELECTRA-NETWORK SUPPLY,34.62
295190C6,2025-10-07,STANDARD SOCKETS 12 POINTS 7/8 IN,UNIT,4,182,INDUSTRIAL GLOBAL SOLUTIONS,34.96
FAA332BD,2025-10-07,STANDARD SOCKETS 6 POINTS 1-1/16 IN,UNIT,2,182,INDUSTRIAL GLOBAL SOLUTIONS,35.54
96331E3F,2025-10-07,SCREWDRIVER SHOVEL AA CPL 10 IN,UNIT,4,182,GENERAL SERVICES & LOGISTICS CO.,34.47
11BEA30C,2025-10-07,BENDING LEVER BENDING 1/2 IN,UNIT,4,182,INDUSTRIAL GLOBAL SOLUTIONS,34.5
36A5A4D6,2025-10-07,ADJUSTABLE WRENCH 10 IN,UNIT,4,182,ELECTRA-NETWORK SUPPLY,34.81
FC612B3B,2025-10-07,ADJUSTABLE WRENCH 12 IN,UNIT,4,182,GENERAL SERVICES & LOGISTICS CO.,34.5
590C0C24,2025-10-07,ADJUSTABLE WRENCH 8 IN,UNIT,4,182,GENERAL SERVICES & LOGISTICS CO.,34.4
6F3C4FC7,2025-10-07,COMBINATION WRENCH 1-1/4 IN,UNIT,2,182,INDUSTRIAL GLOBAL SOLUTIONS,34.53
269329E3,2025-10-07,COMBINATION WRENCH 30 MM 15-3/8 IN FEMALE OPEN,UNIT,2,182,INDUSTRIAL GLOBAL SOLUTIONS,35.05
F09DFA43,2025-10-07,COMBINATION WRENCH 32 MM 16-3/4 FEMALE OPEN,UNIT,2,182,INDUSTRIAL GLOBAL SOLUTIONS,34.4
2F5ED10A,2025-10-07,COMBINATION WRENCH 1-1/2 IN 20-1/4 IN END OPENING,UNIT,4,182,ELECTRA-NETWORK SUPPLY,35.52
14128CC0,2025-10-07,COMBINATION WRENCH 1-5/8 IN 22-1/8 IN FEMALE OPEN,UNIT,4,182,ELECTRA-NETWORK SUPPLY,35.48
7BEC6B65,2025-10-07,IMPACT WRENCH AC 1-1/16 IN,UNIT,1,182,INDUSTRIAL GLOBAL SOLUTIONS,35.17
F72656A0,2025-10-07,PIPE WRENCH 24 IN 3 IN,UNIT,4,182,ELECTRA-NETWORK SUPPLY,35.53
C4EC61CF,2025-10-07,PIPE WRENCH 36 IN 5 IN,UNIT,4,182,GENERAL SERVICES & LOGISTICS CO.,35.01
FD695CD1,2025-10-07,PIPE WRENCH 8 IN JAW CAPACITY,UNIT,4,182,INDUSTRIAL GLOBAL SOLUTIONS,35.07
B597CD69,2025-10-07,BRC HAMMER 5 KG,UNIT,4,182,GENERAL SERVICES & LOGISTICS CO.,34.62
EB720802,2025-10-07,"GOAT LEG 36""",UNIT,4,182,GENERAL SERVICES & LOGISTICS CO.,34.95
68FB7C59,2025-10-07,RATCHET TO 10 IN 1/2 IN,UNIT,6,182,ELECTRA-NETWORK SUPPLY,35.43
95D567BC,2025-10-07,FLUKE SCREEN CALIBRATOR HART 7 97- 44279,UNIT,1,182,INDUSTRIAL GLOBAL SOLUTIONS,35.62
3F219B50,2025-10-07,COMBINATION WRENCH 1-1/16 IN 14- 1/64 IN END,UNIT,2,182,ELECTRA-NETWORK SUPPLY,34.86
2092F63E,2025-10-09,FREQUENCY DRIVE ABB VOLTAGE 480 POWER 150 HP,UNIT,1,183,ELECTRA-NETWORK SUPPLY,2833.3
5AE70440,2025-10-09,250 AMP INDUSTRIAL BREAKER,UNIT,99,185,INDUSTRIAL GLOBAL SOLUTIONS,34.36
03E21536,2025-10-09,POWER CABLE 3C 3/0,METER,7000,185,GENERAL SERVICES & LOGISTICS CO.,34.79
2EA913D9,2025-10-09,V-BELT 5VX-1180,UNIT,40,185,ELECTRA-NETWORK SUPPLY,35.42
6416A515,2025-10-09,TERMINAL TYPE BARRACUDA 2/0,UNIT,488,185,ELECTRA-NETWORK SUPPLY,13.14
0143330C,2025-10-09,CURRENT INTAKE,UNIT,20,185,INDUSTRIAL GLOBAL SOLUTIONS,34.46
2092F63E,2025-10-10,FREQUENCY DRIVE ABB VOLTAGE 480 POWER 150 HP,UNIT,15,186,INDUSTRIAL GLOBAL SOLUTIONS,2857.26
557108A7,2025-10-10,"FREQUENCY DRIVE (VDF) VOLTAGE 480, POWER 100HP",UNIT,1,186,ELECTRA-NETWORK SUPPLY,2890.04
DF51EC65,2025-10-10,LUBRICATING OIL 15W-40 CI- 4/SL,DRUM,2,370,GENERAL SERVICES & LOGISTICS CO.,15.55
CA1991A6,2025-10-10,HYDRAULIC OIL - ISO 68,DRUM,2,370,ELECTRA-NETWORK SUPPLY,15.72
6FB86FBD,2025-10-10,DIESEL LUBRICANT 50,DRUM,2,370,INDUSTRIAL GLOBAL SOLUTIONS,34.91
220E3C9D,2025-10-10,BOM CAVPRO 600 A 700 BLD/100 RPM 5000 A,UNIT,2,369,ELECTRA-NETWORK SUPPLY,34.96
A1027178,2025-10-13,PDV OIL HYDRAULIC ISO 220,DRUM,1,187,ELECTRA-NETWORK SUPPLY,15.65
1EF1998E,2025-10-13,PDV TURBOLUB ISO 32 OIL,DRUM,1,187,INDUSTRIAL GLOBAL SOLUTIONS,15.59
CA1991A6,2025-10-13,HYDRAULIC OIL - ISO 68,DRUM,2,187,ELECTRA-NETWORK SUPPLY,15.36
B16B50CC,2025-10-13,PDV MAXIDIESEL PLUS 50 OIL,DRUM,2,187,ELECTRA-NETWORK SUPPLY,15.79
1D21DEA0,2025-10-13,PDV ULTRADIESEL OIL,DRUM,2,187,GENERAL SERVICES & LOGISTICS CO.,15.3
ED89F6AF,2025-10-13,G.E RELAY MULTILIN SR 469-P5-HI-A20-E-C,UNIT,1,188,GENERAL SERVICES & LOGISTICS CO.,35.31
F5C1743A,2025-10-15,REFLECTOR TYPE LIGHTING 400 W DEGREE OF PROTECTION IP66,UNIT,49,189,GENERAL SERVICES & LOGISTICS CO.,34.92
121FF12B,2025-10-15,CORIOLIS TYPE FLOW METER R050S114NCAM,UNIT,10,189,GENERAL SERVICES & LOGISTICS CO.,34.66
26EF527C,2025-10-15,BELT 5VX1120,UNIT,20,189,INDUSTRIAL GLOBAL SOLUTIONS,35.64
DC00F912,2025-10-15,BELT 5V1180,UNIT,20,189,ELECTRA-NETWORK SUPPLY,35.42
F8CB06B8,2025-10-15,ILUMINARIA EXTERNA DE 200 WATT,UNIT,252,189,ELECTRA-NETWORK SUPPLY,35.34
8C7ABB57,2025-10-16,THREE-PHASE 2000KVA/4160 V POWER TRANSFORMER,UNIT,1,190,ELECTRA-NETWORK SUPPLY,35.52
22B902F6,2025-10-16,"1 1/4"" X 25 FT PIN X PIN ROD",UNIT,680,376,INDUSTRIAL GLOBAL SOLUTIONS,35.04
22B902F6,2025-10-16,"1 1/4"" X 25 FT PIN X PIN ROD",UNIT,40,191,ELECTRA-NETWORK SUPPLY,34.35
DE952FD6,2025-10-16,MOTOR/PUMP COUPLING BMF,UNIT,1,193,GENERAL SERVICES & LOGISTICS CO.,34.38
E8584C3E,2025-10-16,HYDRAULIC SYSTEM FILTER,UNIT,2,69,INDUSTRIAL GLOBAL SOLUTIONS,48.44
7A0807B5,2025-10-16,HIGH PRESSURE HYDRAULIC HOSE,UNIT,1,66,GENERAL SERVICES & LOGISTICS CO.,35.3
05BF8312,2025-10-16,THREE-PHASE CONTACTOR ABB B75,UNIT,1,68,GENERAL SERVICES & LOGISTICS CO.,34.82
F23B4411,2025-10-16,THREE-PHASE CONTACTOR ABB AF80,UNIT,1,67,ELECTRA-NETWORK SUPPLY,35.03
DEE9003F,2025-10-16,HIGH PRESSURE HYDRAULIC HOSE FOR HYDRAULIC PUMP,UNIT,1,67,GENERAL SERVICES & LOGISTICS CO.,34.41
96147F0D,2025-10-17,"HOSE 2"" X 5000 PSI X 10 METERS WITH MALE CONNECTIONS",UNIT,4,38-031,INDUSTRIAL GLOBAL SOLUTIONS,35.04
3D2109C6,2025-10-16,"ROTATING MANUAL PIPE CUTTER REDD 16"" - 18""",UNIT,3,378,GENERAL SERVICES & LOGISTICS CO.,35.51
B22711F6,2025-10-17,"PRODUCTION PIPE 5-1/2"" LTC 17 LBS/FT, GRADE J55",JTS,186,379,INDUSTRIAL GLOBAL SOLUTIONS,34.8
B694273B,2025-10-17,TELESCOPIC STEEL POST OF 18 METERS LENGTH,UNIT,30,69-022,INDUSTRIAL GLOBAL SOLUTIONS,35.28
1A782636,2025-10-17,SECURITY LOCK TYPE ANTIPANIC,UNIT,11,194,GENERAL SERVICES & LOGISTICS CO.,34.71
76D4C2F3,2025-10-17,CBZL CIR 52500 LB/FT 1-1/2 IN,UNIT,3,195,ELECTRA-NETWORK SUPPLY,34.53
DA6B8289,2025-10-18,PUMPS BCP GLB 36-1500,UNIT,10,380,ELECTRA-NETWORK SUPPLY,35.63
067FB6E2,2025-10-18,BCP PUMPS FLOW 86-1500,UNIT,1,380,ELECTRA-NETWORK SUPPLY,34.62
A1CD6CC5,2025-10-18,TAPE 33,UNIT,10,382,INDUSTRIAL GLOBAL SOLUTIONS,35.51
6E838C6A,2025-10-18,TERMINAL TYPE BARRACUDA ONE EYE FOR 3/0 CABLE,UNIT,100,382,GENERAL SERVICES & LOGISTICS CO.,13.32
4C98335E,2025-10-18,TAPE 23,UNIT,10,383,INDUSTRIAL GLOBAL SOLUTIONS,34.39
730E0121,2025-10-20,BRIDGE PLUG,UNIT,1,384,INDUSTRIAL GLOBAL SOLUTIONS,35.55
1CEA2286,2025-10-21,MULTIPHASE FLOW METER AGAR MPFM 402-30-20,UNIT,1,SDO-CTL-ODS-38-032,ELECTRA-NETWORK SUPPLY,34.95
20269E32,2025-10-21,"FREQUENCY DRIVE (VDF) VOLTAGE 480, POWER 150HP",UNIT,4,197,INDUSTRIAL GLOBAL SOLUTIONS,2879.25
8DD73206,2025-10-21,GAUMER UPDATE OF THE HEATER PANEL OF THE GAS SKID,UNIT,1,SDO-GL-TURBO-071,ELECTRA-NETWORK SUPPLY,35.28
5EFEF4E7,2025-10-21,CO2 CYLINDERS WITH ACTUATION HEAD,UNIT,4,SDO-GL-TURBO-070,ELECTRA-NETWORK SUPPLY,35.14
03E21536,2025-10-23,POWER CABLE 3C 3/0,METER,4500,208,INDUSTRIAL GLOBAL SOLUTIONS,35.31
87319E80,2025-10-24,SET OF METAL DRILLS 6 PIECE,SET,1,386,INDUSTRIAL GLOBAL SOLUTIONS,35.58
789AADE8,2025-10-25,TERMINAL 4/0,UNIT,50,388,INDUSTRIAL GLOBAL SOLUTIONS,13.31
04D1D82D,2025-10-26,FUSE HOLDERS FOR CABLE #16 EUROPEAN MODEL FTB,UNIT,2000,199,GENERAL SERVICES & LOGISTICS CO.,35.55
4C8DBBFC,2025-10-26,CONTACTOR FOR LIGHTING SYSTEM 75-100 AMP COIL 110/220,UNIT,12,199,GENERAL SERVICES & LOGISTICS CO.,35.51
B45BE289,2025-10-26,THREE-PHASE SERVICE PANEL OF 24 CIRCUITS,UNIT,2,199,ELECTRA-NETWORK SUPPLY,35.18
63EB1249,2025-10-28,CRUDE OIL ABSORBENT BARRIER 8IN X 10FT,UNIT,130,201,ELECTRA-NETWORK SUPPLY,34.31
A8714CA3,2025-10-28,BCP OF 300-400 BPD 400 RPM WITH ROTOR AND CONNECTIONS,UNIT,4,390,GENERAL SERVICES & LOGISTICS CO.,35.43
5CE3CA07,2025-10-28,BCP OF 400-500 400 RPM WITH ROTOR AND CONNECTIONS,UNIT,3,390,INDUSTRIAL GLOBAL SOLUTIONS,34.37
EE632548,2025-10-28,"SCREW 1-3/8"" LONG X 7/16"" DIAMETER WITH NUT AND WASHER",UNIT,315,204,GENERAL SERVICES & LOGISTICS CO.,35.28
31FA9A0A,2025-10-28,"SCREW 1/2"" LONG X 2-3/16"" THREAD WITH NUT AND WASHER",UNIT,400,204,ELECTRA-NETWORK SUPPLY,35.53
C14D1C75,2025-10-28,"GALVANIZED SCREW 3/8"" X 1-1/2"" WITH NUT AND WASHER",UNIT,100,204,GENERAL SERVICES & LOGISTICS CO.,34.81
87AF304B,2025-10-28,CONTACTORS,UNIT,3,204,INDUSTRIAL GLOBAL SOLUTIONS,35.53
A1CD6CC5,2025-10-28,TAPE 33,UNIT,30,392,ELECTRA-NETWORK SUPPLY,35.33
932DEE17,2025-10-28,TERMINAL BARRACUDA FOR 3/0 CABLE,UNIT,286,392,GENERAL SERVICES & LOGISTICS CO.,13.31
23D84D1A,2025-10-29,STATIC GAS SEPARATOR OF 5/12 BOTTOM,UNIT,10,205,INDUSTRIAL GLOBAL SOLUTIONS,34.95
37DC4653,2025-10-28,EYE NUT FOR 5/8 BOLT,UNIT,158,69-025,ELECTRA-NETWORK SUPPLY,34.41
F3617CC8,2025-10-30,ELECTRIC MOTOR OF 100 HP REPAIRED,UNIT,2,CTL-012,GENERAL SERVICES & LOGISTICS CO.,34.34
C5188FA0,2025-10-30,ELECTRIC MOTOR OF 75 HP REPAIRED,UNIT,1,CTL-012,GENERAL SERVICES & LOGISTICS CO.,35.31
53C5EFA3,2025-10-30,ELECTRIC MOTOR OF 60 HP REPAIRED,UNIT,3,CTL-012,ELECTRA-NETWORK SUPPLY,34.42
92F861E5,2025-10-30,"FREQUENCY DRIVE OF 150 HP, 480V, 60 HZ, 180A, TYPE MFC 1000",UNIT,12,207,INDUSTRIAL GLOBAL SOLUTIONS,2795.51
37DC4653,2025-10-29,EYE NUT FOR 5/8 BOLT,UNIT,242,69-026,INDUSTRIAL GLOBAL SOLUTIONS,34.5
C5188FA0,2025-10-30,ELECTRIC MOTOR OF 75 HP REPAIRED,UNIT,1,CTL-013,ELECTRA-NETWORK SUPPLY,35.54
F3617CC8,2025-10-30,ELECTRIC MOTOR OF 100 HP REPAIRED,UNIT,1,CTL-013,GENERAL SERVICES & LOGISTICS CO.,35.53
4D022911,2025-11-01,"BOTTLE NIPPLE 5-1/2"" X 4-1/2"" LTC COUPLING X EUE",UNIT,29,208,ELECTRA-NETWORK SUPPLY,34.67
A8945B4D,2025-11-01,"COMBINATION NIPPLE 5-1/2"" COUPLING BUTTRESS X COUPLING 8RD",UNIT,16,208,INDUSTRIAL GLOBAL SOLUTIONS,34.94
AF381185,2025-11-01,"BLIND PLUG OF 4-1/2"" EUE 8RD CAL",UNIT,12,208,ELECTRA-NETWORK SUPPLY,35.26
5F2BAFE2,2025-11-02,12 VDC-100 A/20H BATTERY,UNIT,10,397,INDUSTRIAL GLOBAL SOLUTIONS,323.93
CBD7833F,2025-11-02,2.2 VDC 300 AH STATIONARY CELL,UNIT,6,397,ELECTRA-NETWORK SUPPLY,34.4
016B4D92,2025-11-02,E3 PLUS OVERLOAD RELAY MODEL 193-ECC2ZZ,UNIT,3,397,GENERAL SERVICES & LOGISTICS CO.,34.45
8E30E0F6,2025-11-02,E3 PLUS OVERLOAD RELAY MODEL 592-EC2CC,UNIT,1,397,INDUSTRIAL GLOBAL SOLUTIONS,35.07
F6E6A08D,2025-11-02,2000 KVA POWER TRANSFORMER; 34.5 KV; 480-277V,UNIT,1,398,GENERAL SERVICES & LOGISTICS CO.,34.99
412952F2,2025-11-02,"167.5 KVA POWER TRANSFORMER, 34.5 KV/277 VOL, 60HZ",UNIT,3,398,INDUSTRIAL GLOBAL SOLUTIONS,35.14
9CFF77DD,2025-11-02,50 KVA TRANSFORMER RATIO 34500-227 (238Y) VOLTAGE,UNIT,3,398,ELECTRA-NETWORK SUPPLY,35.31
CAADD2EC,2025-11-03,"FREQUENCY DRIVE OF 100 HP, 480V, 60 HZ, 138A, MODEL VDF1100C43A-00",UNIT,3,NOT SPECIFIED,INDUSTRIAL GLOBAL SOLUTIONS,2855.05
92F861E5,2025-11-03,"FREQUENCY DRIVE OF 150 HP, 480V, 60 HZ, 180A, TYPE MFC 1000",UNIT,2,NOT SPECIFIED,GENERAL SERVICES & LOGISTICS CO.,2861.34
1B5EE8B2,2025-11-05,CABLE 3X06 AWG CONDUCTOR AL. INSULATED ARMORED INTERLOCK POS 51,METER,300,217,GENERAL SERVICES & LOGISTICS CO.,35.53
1445E10A,2025-11-05,ALUMINIZED ADHESIVE TAPE POS 66,UNIT,5,217,INDUSTRIAL GLOBAL SOLUTIONS,34.67
D37FFF8C,2025-11-05,SET OF METAL DRILLS 7 PIECES,SET,1,404,GENERAL SERVICES & LOGISTICS CO.,35.07
C753E16D,2025-11-05,THYRISTOR,UNIT,10,1 (PARCIAL),ELECTRA-NETWORK SUPPLY,34.31
8550D06F,2025-11-06,1250AMP 600V THREE-PHASE BREAKER,UNIT,3,406,INDUSTRIAL GLOBAL SOLUTIONS,35.0
B45BE289,2025-11-07,THREE-PHASE SERVICE PANEL OF 24 CIRCUITS,UNIT,3,408,ELECTRA-NETWORK SUPPLY,35.42
F14F3599,2025-11-07,FREQUENCY DRIVE 1500 HP,UNIT,3,407,ELECTRA-NETWORK SUPPLY,2852.28
B694273B,2025-11-01,TELESCOPIC STEEL POST OF 18 METERS LENGTH,UNIT,20,69-027,ELECTRA-NETWORK SUPPLY,35.14
20269E32,2025-11-10,"FREQUENCY DRIVE (VDF) VOLTAGE 480, POWER 150HP",UNIT,3,221,ELECTRA-NETWORK SUPPLY,2869.53
557108A7,2025-11-10,"FREQUENCY DRIVE (VDF) VOLTAGE 480, POWER 100HP",UNIT,1,221,INDUSTRIAL GLOBAL SOLUTIONS,2896.77
22B902F6,2025-11-11,"1 1/4"" X 25 FT PIN X PIN ROD",UNIT,420,409,ELECTRA-NETWORK SUPPLY,35.5
4D022911,2025-11-11,"BOTTLE NIPPLE 5-1/2"" X 4-1/2"" LTC COUPLING X EUE",UNIT,8,410,GENERAL SERVICES & LOGISTICS CO.,35.05
4D022911,2025-11-11,"BOTTLE NIPPLE 5-1/2"" X 4-1/2"" LTC COUPLING X EUE",UNIT,40,222,GENERAL SERVICES & LOGISTICS CO.,35.5
9AA85B21,2025-11-11,PIPE NIPPLE 5-1/2 X 4-1/2 IN LTC COUPLING,UNIT,3,222,INDUSTRIAL GLOBAL SOLUTIONS,34.52
B3960484,2025-11-11,"N BOTTLE OF 4-1/2"" X 3-1/2"" EUE 8RD BOX X",UNIT,40,222,ELECTRA-NETWORK SUPPLY,34.3
D3D5FE5B,2025-11-11,"N BOTTLE OF 4-1/2"" X 3-1/2"" EUE 8RD  X BOX",UNIT,40,222,ELECTRA-NETWORK SUPPLY,35.07
A8945B4D,2025-11-11,"COMBINATION NIPPLE 5-1/2"" COUPLING BUTTRESS X COUPLING 8RD",UNIT,24,222,INDUSTRIAL GLOBAL SOLUTIONS,34.45
AF381185,2025-11-11,"BLIND PLUG OF 4-1/2"" EUE 8RD CAL",UNIT,5,222,INDUSTRIAL GLOBAL SOLUTIONS,35.01
8CC8F0B0,2025-11-11,"BLIND PLUG OF 5-1/2"" LTC BOX",UNIT,13,222,ELECTRA-NETWORK SUPPLY,34.86
FF10E5D9,2025-11-12,"SHAFT COLLAR OF 1-1/8""",UNIT,21,413,INDUSTRIAL GLOBAL SOLUTIONS,34.51
BE9229BA,2025-11-12,ROTARY HEAD ALTAN BRAND DOUBLE MOTOR 150 HP (75 HP EACH),UNIT,2,224,INDUSTRIAL GLOBAL SOLUTIONS,34.54
43F6FBC6,2025-11-12,"TORQUE ANCHOR 9-5/8"" X 5-1/2"" LTC",UNIT,14,225,GENERAL SERVICES & LOGISTICS CO.,35.31
BF19B429,2025-11-12,"TORQUE ANCHOR 9 5/8 X 4-1/2"" EUE",UNIT,3,225,GENERAL SERVICES & LOGISTICS CO.,34.8
69186A02,2025-11-12,DRAIN NIPPLE 4-1/2 IN RUPTURE,UNIT,3,225,ELECTRA-NETWORK SUPPLY,34.33
EE677573,2025-11-12,"DYNAMIC GAS SEPARATOR 5 1/2"" X 3 1/2""",UNIT,4,225,ELECTRA-NETWORK SUPPLY,35.28
2748D5B4,2025-11-12,TIRES 12 00 24,UNIT,10,1,ELECTRA-NETWORK SUPPLY,35.59
3E4BA5ED,2025-11-12,TIRES 295/80R22.5,UNIT,14,1,GENERAL SERVICES & LOGISTICS CO.,35.64
B3EB7047,2025-11-12,1250 AMP BATTERY,UNIT,10,1,ELECTRA-NETWORK SUPPLY,324.7
04C3E88A,2025-11-17,"PERFORATED NIPPLE 4-1/2"" X 10 FEET",UNIT,49,NOT SPECIFIED,INDUSTRIAL GLOBAL SOLUTIONS,35.14
81EAAA68,2025-11-17,"PERFORATED NIPPLE 5-1/2"" X 10 FEET",UNIT,35,NOT SPECIFIED,INDUSTRIAL GLOBAL SOLUTIONS,35.43
B694273B,2025-11-17,TELESCOPIC STEEL POST OF 18 METERS LENGTH,UNIT,30,NOT SPECIFIED,INDUSTRIAL GLOBAL SOLUTIONS,34.74
20269E32,2025-11-18,"FREQUENCY DRIVE (VDF) VOLTAGE 480, POWER 150HP",UNIT,8,230,GENERAL SERVICES & LOGISTICS CO.,2802.56
557108A7,2025-11-18,"FREQUENCY DRIVE (VDF) VOLTAGE 480, POWER 100HP",UNIT,4,230,GENERAL SERVICES & LOGISTICS CO.,2891.12
932DEE17,2025-11-23,TERMINAL BARRACUDA FOR 3/0 CABLE,UNIT,100,420,INDUSTRIAL GLOBAL SOLUTIONS,13.19
1649C340,2025-11-22,POWER CABLE 3/0 2 AWG CU PVC 75 7 STRANDS COPPER CONDUCTOR,METER,200,418,GENERAL SERVICES & LOGISTICS CO.,34.79
92F861E5,2025-11-25,"FREQUENCY DRIVE OF 150 HP, 480V, 60 HZ, 180A, TYPE MFC 1000",UNIT,1,421,ELECTRA-NETWORK SUPPLY,2869.61
6E838C6A,2025-11-28,TERMINAL TYPE BARRACUDA ONE EYE FOR 3/0 CABLE,UNIT,100,423,ELECTRA-NETWORK SUPPLY,13.09
A1CD6CC5,2025-11-28,TAPE 33,UNIT,30,423,INDUSTRIAL GLOBAL SOLUTIONS,34.99
4C98335E,2025-11-28,TAPE 23,UNIT,30,423,INDUSTRIAL GLOBAL SOLUTIONS,34.94
CA1991A6,2025-12-13,HYDRAULIC OIL - ISO 68,DRUM,2,238,INDUSTRIAL GLOBAL SOLUTIONS,15.48
A1027178,2025-12-13,PDV OIL HYDRAULIC ISO 220,DRUM,2,238,ELECTRA-NETWORK SUPPLY,15.42
0B5D2643,2025-12-13,TURBOLUB-OIL 68,DRUM,2,238,GENERAL SERVICES & LOGISTICS CO.,15.22
E9E77786,2025-12-17,"ELECTRIC MOTORS OF 75 HP ,460V,ROTEK BRAND",UNIT,15,240,ELECTRA-NETWORK SUPPLY,34.98
C19C5445,2025-12-19,"THREE-PHASE DISTRIBUTION TRANSFORMER SUBSTATION TYPE, 34.5/0.48-0.277KV,2000KVA",UNIT,1,241,GENERAL SERVICES & LOGISTICS CO.,35.1
412952F2,2025-12-19,"167.5 KVA POWER TRANSFORMER, 34.5 KV/277 VOL, 60HZ",UNIT,6,241,INDUSTRIAL GLOBAL SOLUTIONS,34.8
9CFF77DD,2025-12-19,50 KVA TRANSFORMER RATIO 34500-227 (238Y) VOLTAGE,UNIT,6,241,INDUSTRIAL GLOBAL SOLUTIONS,34.7
30C15477,2025-12-20,HNYWEL MICROPROCESSOR BASED RM7824A10006,UNIT,8,244,ELECTRA-NETWORK SUPPLY,35.62
73984946,2025-12-20,HONEYW AMPLIFICADOR SEÑAL DE R7824C,UNIT,6,244,ELECTRA-NETWORK SUPPLY,35.65
2A4FEF71,2025-12-20,FLAME DETECTOR UV 24VDC C7024E1001,UNIT,8,244,INDUSTRIAL GLOBAL SOLUTIONS,35.67
29872871,2025-12-20,HONEYW ULTRAVIOLET SENSING TUBE 113228 F,UNIT,5,244,INDUSTRIAL GLOBAL SOLUTIONS,34.67
B22711F6,2025-12-20,"PRODUCTION PIPE 5-1/2"" LTC 17 LBS/FT, GRADE J55",JTS,3320,243,GENERAL SERVICES & LOGISTICS CO.,34.97
B22711F6,2025-12-20,"PRODUCTION PIPE 5-1/2"" LTC 17 LBS/FT, GRADE J55",JTS,2762,242,INDUSTRIAL GLOBAL SOLUTIONS,35.45
2650F65C,2025-12-20,1000 V 255 MM PLIERS,UNIT,6,249,GENERAL SERVICES & LOGISTICS CO.,35.24
46C22940,2025-12-20,CANVAS BAG LONG 12 IN / DEPTH,UNIT,3,249,GENERAL SERVICES & LOGISTICS CO.,35.07
44036C49,2025-12-20,"1"" THICK BRUSH",UNIT,4,249,INDUSTRIAL GLOBAL SOLUTIONS,35.63
E3A905F3,2025-12-20,"2"" THICK BRUSH",UNIT,5,249,GENERAL SERVICES & LOGISTICS CO.,35.1
52647ABB,2025-12-20,"3"" THICK BRUSH",UNIT,4,249,GENERAL SERVICES & LOGISTICS CO.,35.52
4BA3F040,2025-12-20,"1"" WIRE BRUSH",UNIT,8,249,INDUSTRIAL GLOBAL SOLUTIONS,34.51
54A24360,2025-12-20,6 TOOL BOX 3 SMALL/3 LONG 26-1/8X14X,UNIT,3,249,ELECTRA-NETWORK SUPPLY,34.41
BA59E27A,2025-12-20,3M 1/2IN METRIC TAPE,UNIT,6,249,INDUSTRIAL GLOBAL SOLUTIONS,35.24
10044376,2025-12-20,33FT/10 M 1IN METRIC TAPE,UNIT,5,249,ELECTRA-NETWORK SUPPLY,35.67
0DD56E1E,2025-12-20,STRAIGHT SHEAR 30 IN,UNIT,2,249,ELECTRA-NETWORK SUPPLY,35.14
08086244,2025-12-20,STRAIGHT SHEAR 24 IN,UNIT,2,249,ELECTRA-NETWORK SUPPLY,35.16
407A2EFE,2025-12-20,COMBINATION SQUARE STEEL BLADE 12IN,UNIT,3,249,ELECTRA-NETWORK SUPPLY,35.15
394F6E96,2025-12-20,POLYESTER SAFETY STRAP 10FT 4IN,UNIT,3,249,INDUSTRIAL GLOBAL SOLUTIONS,35.12
8ADC88BE,2025-12-20,FLAT NYLON STRAP 4 IN X 18 F,UNIT,3,249,GENERAL SERVICES & LOGISTICS CO.,35.13
2FD46637,2025-12-20,SPATULA A 5-3/4IN,UNIT,6,249,GENERAL SERVICES & LOGISTICS CO.,34.65
5BC7CDB8,2025-12-20,SOLDER AND RESIN-CORE WIRE 3/6,ROLL,2,249,ELECTRA-NETWORK SUPPLY,34.79
AB2B6869,2025-12-20,MANUAL GREASE GUN,UNIT,5,249,ELECTRA-NETWORK SUPPLY,35.68
F3CAADD9,2025-12-20,TORQUE WRENCH SET TYPE L 10 PIECES,SET,8,249,INDUSTRIAL GLOBAL SOLUTIONS,35.17
E545FE36,2025-12-20,"SET OF METAL DRILLS FROM 1/16"" TO 1/2""",SET,1,249,ELECTRA-NETWORK SUPPLY,35.39
9EFBFBB7,2025-12-20,JGO DESTORNILL 7,SET,3,249,INDUSTRIAL GLOBAL SOLUTIONS,35.22
113BFE60,2025-12-20,JGO DESTORNILL URREA 9700C O SIMILAR 5,SET,3,250,ELECTRA-NETWORK SUPPLY,34.76
D5C650BB,2025-12-20,JGO DADO 1/2IN DESDE 3/8 A 1-1/4,SET,9,250,ELECTRA-NETWORK SUPPLY,35.28
5FC3CDC4,2025-12-20,ADJUSTABLE WRENCH 6IN,UNIT,4,250,INDUSTRIAL GLOBAL SOLUTIONS,34.62
EAA67C96,2025-12-20,ADJUSTABLE WRENCH 8IN,UNIT,5,250,GENERAL SERVICES & LOGISTICS CO.,34.64
88E63EAC,2025-12-20,COMBINATION WRENCH 1-1/4IN,UNIT,2,250,INDUSTRIAL GLOBAL SOLUTIONS,34.74
30755609,2025-12-20,PIPE WRENCH 24IN 3IN,UNIT,14,250,ELECTRA-NETWORK SUPPLY,35.26
6E42402A,2025-12-20,PIPE WRENCH 14IN 2IN,UNIT,6,250,GENERAL SERVICES & LOGISTICS CO.,34.71
43E1A9D1,2025-12-20,PIPE WRENCH 36IN 5IN,UNIT,5,250,GENERAL SERVICES & LOGISTICS CO.,35.17
21706127,2025-12-20,PIPE WRENCH 48IN 6IN,UNIT,2,250,INDUSTRIAL GLOBAL SOLUTIONS,35.54
53D3B97C,2025-12-20,PIPE WRENCH 18IN 2IN,UNIT,5,250,ELECTRA-NETWORK SUPPLY,34.71
C3C34F9F,2025-12-20,PIPE WRENCH 8IN 1 IN JAW CAPACITY,UNIT,7,250,GENERAL SERVICES & LOGISTICS CO.,34.58
605006F2,2025-12-20,HAMMER 5LB,UNIT,2,250,INDUSTRIAL GLOBAL SOLUTIONS,35.66
AE5B6465,2025-12-20,POCKET KNIFE,UNIT,13,250,INDUSTRIAL GLOBAL SOLUTIONS,34.63
3E723FD3,2025-12-20,HANDLE 10IN,UNIT,7,250,ELECTRA-NETWORK SUPPLY,34.7
2517F05C,2025-12-20,LEG OF CABARA TO FORGE 36IN 3/4IN,UNIT,4,250,GENERAL SERVICES & LOGISTICS CO.,34.81
D5C3ADC7,2025-12-20,CHROMED STANDARD 3/8IN SNAP-ON RATCHET,UNIT,9,250,ELECTRA-NETWORK SUPPLY,34.69
69436F3C,2025-12-20,ALUMINUM RIVET WITH GO HANDLE HR-002,UNIT,2,250,INDUSTRIAL GLOBAL SOLUTIONS,34.48
FF176683,2025-12-20,HOJA DE CEGUETA AC 12 IN,UNIT,100,250,INDUSTRIAL GLOBAL SOLUTIONS,34.84
FB04549C,2025-12-20,AA PLIERS 8-1/2IN,UNIT,2,250,ELECTRA-NETWORK SUPPLY,34.84
6B68E815,2025-12-20,CHAIN LADY 3 T,UNIT,2,250,GENERAL SERVICES & LOGISTICS CO.,34.49
1A4B22A2,2025-12-20,MALE PLUG 1/2IN,SET,1,250,GENERAL SERVICES & LOGISTICS CO.,35.13
3E0B3099,2025-12-20,MALE PLUG 1/4IN,SET,1,250,INDUSTRIAL GLOBAL SOLUTIONS,34.42
AA6F67FA,2025-12-20,MALE PLUG 5/8IN,SET,1,250,INDUSTRIAL GLOBAL SOLUTIONS,34.9
F75BE266,2025-12-23,IMP REVENT VALVE,UNIT,10,247,ELECTRA-NETWORK SUPPLY,34.46
F6E6A08D,2025-12-24,2000 KVA POWER TRANSFORMER; 34.5 KV; 480-277V,UNIT,1,251,INDUSTRIAL GLOBAL SOLUTIONS,35.1
9CFF77DD,2025-12-24,50 KVA TRANSFORMER RATIO 34500-227 (238Y) VOLTAGE,UNIT,6,251,GENERAL SERVICES & LOGISTICS CO.,34.95
412952F2,2025-12-24,"167.5 KVA POWER TRANSFORMER, 34.5 KV/277 VOL, 60HZ",UNIT,6,251,ELECTRA-NETWORK SUPPLY,34.6
8AC1DFA1,2025-12-26,ENGRALUB 220,DRUM,2,252,GENERAL SERVICES & LOGISTICS CO.,34.62
CA1991A6,2025-12-26,HYDRAULIC OIL - ISO 68,DRUM,2,252,INDUSTRIAL GLOBAL SOLUTIONS,15.26
DF51EC65,2025-12-26,LUBRICATING OIL 15W-40 CI- 4/SL,DRUM,5,252,INDUSTRIAL GLOBAL SOLUTIONS,15.46
12DFA487,2025-12-26,SEMI-SYNTHETIC SUPRA OIL 20W50,LITER,2,252,GENERAL SERVICES & LOGISTICS CO.,15.37
F5613801,2025-12-26,HYDRAULIC OIL DR3,LITER,1,252,GENERAL SERVICES & LOGISTICS CO.,15.19
B16B50CC,2025-12-26,PDV MAXIDIESEL PLUS 50 OIL,DRUM,2,252,ELECTRA-NETWORK SUPPLY,15.56
C362BA41,2025-12-26,BRAKE FLUIDS,LITER,5,252,GENERAL SERVICES & LOGISTICS CO.,34.73
B97B8F1B,2025-12-26,LIQUID REFRIGERANT GAL 50/50 COOLING,UNIT,7,252,GENERAL SERVICES & LOGISTICS CO.,35.28
6E838C6A,2025-12-19,TERMINAL TYPE BARRACUDA ONE EYE FOR 3/0 CABLE,UNIT,100,432,ELECTRA-NETWORK SUPPLY,13.35
A1CD6CC5,2025-12-19,TAPE 33,UNIT,25,433,ELECTRA-NETWORK SUPPLY,34.69
B52EFF16,2025-12-24,"1"" 90° 3000# ELBOW SW",UNIT,50,439,GENERAL SERVICES & LOGISTICS CO.,35.01
97DF1422,2025-12-24,"3"" X 300# SCH 40/STD RF A-105 WN FLANGE",UNIT,50,439,GENERAL SERVICES & LOGISTICS CO.,34.82
28DBB396,2025-12-24,"WN FLANGE 4"" X 300# SCH 40/STD RF A-105",UNIT,100,439,INDUSTRIAL GLOBAL SOLUTIONS,35.58
D7BF5C0D,2025-12-24,"NIPPLE 1"" X 4"" STRAIGHT SCH 80 A-106",UNIT,20,439,GENERAL SERVICES & LOGISTICS CO.,34.54
5E707029,2025-12-24,"PLUG OF 1"" W/HEX 3000# NPT A-105",UNIT,20,439,ELECTRA-NETWORK SUPPLY,35.53
252D6262,2025-12-24,"1/2"" SW CLASS 300# SCH 80 FLANGE",UNIT,19,439,GENERAL SERVICES & LOGISTICS CO.,34.69
99986A7F,2025-12-24,"GASKET 1/2"" 3/600#",UNIT,24,439,INDUSTRIAL GLOBAL SOLUTIONS,34.51
5A9586DB,2025-12-24,"SPACER OF 1/2""X 3"" WITH HEX NUTS",UNIT,159,439,GENERAL SERVICES & LOGISTICS CO.,34.4
AA52D92A,2025-12-24,"4"" X 1-1/2"" 3000# SW A-105 SOKOLET",UNIT,14,439,GENERAL SERVICES & LOGISTICS CO.,35.41
81EAAA68,2025-12-27,"PERFORATED NIPPLE 5-1/2"" X 10 FEET",UNIT,15,442,GENERAL SERVICES & LOGISTICS CO.,35.48
FF10E5D9,2026-01-07,"SHAFT COLLAR OF 1-1/8""",UNIT,21,254,INDUSTRIAL GLOBAL SOLUTIONS,69.52
0143330C,2026-01-13,CURRENT INTAKE,UNIT,4,NOT SPECIFIED,ELECTRA-NETWORK SUPPLY,35.39
EEC765B9,2026-01-13,NORMAL SWITCH,UNIT,4,NOT SPECIFIED,INDUSTRIAL GLOBAL SOLUTIONS,35.26
851D0738,2026-01-13,LED LAMP FOR OUTDOORS,UNIT,4,NOT SPECIFIED,INDUSTRIAL GLOBAL SOLUTIONS,34.88
A1CD6CC5,2026-01-13,TAPE 33,UNIT,25,NOT SPECIFIED,ELECTRA-NETWORK SUPPLY,35.68
4C98335E,2026-01-13,TAPE 23,UNIT,25,NOT SPECIFIED,INDUSTRIAL GLOBAL SOLUTIONS,35.03
25D94402,2026-01-13,EXPANSIVE FOAM SPRAY,CAN,4,NOT SPECIFIED,GENERAL SERVICES & LOGISTICS CO.,35.67
47399B60,2026-01-13,LABELS,UNIT,400,NOT SPECIFIED,ELECTRA-NETWORK SUPPLY,35.1
2EAB0798,2026-01-13,TRANSPARENT SILICONE,UNIT,6,NOT SPECIFIED,INDUSTRIAL GLOBAL SOLUTIONS,35.39
A7F60EE8,2026-01-13,LEAD PULL,UNIT,4,NOT SPECIFIED,ELECTRA-NETWORK SUPPLY,35.05
E92D38E3,2026-01-12,CABLE 3X8 AWG CONDUCTOR INSULATED PVC ARMORED INTERLOCK ALUMINUM,METER,100,259,ELECTRA-NETWORK SUPPLY,34.42
578C416A,2026-01-12,THERMOCONTRACTIBLE LABELS FOR CABLES N° 16,METER,180,259,ELECTRA-NETWORK SUPPLY,35.28
0143330C,2026-01-12,CURRENT INTAKE,UNIT,4,259,INDUSTRIAL GLOBAL SOLUTIONS,34.46
2E9F49CC,2026-01-12,NORMAL EXTINGUISHERS,UNIT,2,259,INDUSTRIAL GLOBAL SOLUTIONS,35.15
29872871,2026-01-13,HONEYW ULTRAVIOLET SENSING TUBE 113228 F,UNIT,3,258,ELECTRA-NETWORK SUPPLY,34.92
372CF63F,2026-01-13,HONEYW IGNITION TRANSFORMER Q624A,UNIT,8,258,INDUSTRIAL GLOBAL SOLUTIONS,35.22
BBB5C4BD,2026-01-13,PARK PLUG 43652,UNIT,8,258,ELECTRA-NETWORK SUPPLY,35.61
22B902F6,2026-01-17,"1 1/4"" X 25 FT PIN X PIN ROD",UNIT,3588,260,INDUSTRIAL GLOBAL SOLUTIONS,35.65
22B902F6,2026-01-19,"1 1/4"" X 25 FT PIN X PIN ROD",UNIT,4476,449,ELECTRA-NETWORK SUPPLY,35.01
B22711F6,2026-01-20,"PRODUCTION PIPE 5-1/2"" LTC 17 LBS/FT, GRADE J55",JTS,600,453,ELECTRA-NETWORK SUPPLY,34.71
58B6B75B,2026-01-23,SECONDARY SEALS-CONTAINMENT SEALS-SEAL RINGS IN VITON MATERIAL,UNIT,10,458,GENERAL SERVICES & LOGISTICS CO.,34.57
BE9CB482,2026-01-23,MECHANICAL SEALS EAGLEBURGMANN MODEL HSH456/100-E1,UNIT,4,458,INDUSTRIAL GLOBAL SOLUTIONS,35.16
CD2ABCFF,2026-01-15,3250 KVA POWER TRANSFORMER; 34500 / 480V,UNIT,1,NOT SPECIFIED,GENERAL SERVICES & LOGISTICS CO.,35.37
77A044BB,2026-01-28,"GIR CIR HEAD 50000 LB 12000 LB/FT 1-1/2"" / 100 HP",UNIT,3,263,INDUSTRIAL GLOBAL SOLUTIONS,34.82
2B569225,2026-01-28,"GIR CIR HEAD 50000 LB 12000 LB/FT 1-1/2"" / 150 HP",UNIT,4,263,GENERAL SERVICES & LOGISTICS CO.,34.33
F4AF51C9,2026-01-28,"GIR CIR HEAD 80000 LB 3500 LB/FT 1-1/2"" / 100 HP",UNIT,3,263,ELECTRA-NETWORK SUPPLY,35.24
F4AF51C9,2026-01-28,"GIR CIR HEAD 80000 LB 3500 LB/FT 1-1/2"" / 100 HP",UNIT,1,462,GENERAL SERVICES & LOGISTICS CO.,34.53
A22FDC0F,2026-03-03,"TUBING 4-1/2"" 12.75 # N80",JTA,220,469,ELECTRA-NETWORK SUPPLY,34.55
3656036C,2026-03-03,TUBING 1.315 1.70 LB/FT J55 UN 10B API 5CT,JTA,1231,470,GENERAL SERVICES & LOGISTICS CO.,34.32
A22FDC0F,2026-03-03,"TUBING 4-1/2"" 12.75 # N80",JTA,400,267,GENERAL SERVICES & LOGISTICS CO.,35.27
CD040925,2026-02-05,"MOTOR, AC, 1500 HP,4160V,40CG50 RELIAN OR SIMILAR",UNIT,2,268,ELECTRA-NETWORK SUPPLY,35.66
2642B491,2026-02-10,BCP OF 200-300 RPM WITH ROTOR AND CONNECTIONS MODEL 35-1600,UNIT,2,269,INDUSTRIAL GLOBAL SOLUTIONS,34.86
A8714CA3,2026-02-10,BCP OF 300-400 BPD 400 RPM WITH ROTOR AND CONNECTIONS,UNIT,19,269,INDUSTRIAL GLOBAL SOLUTIONS,35.45
220E3C9D,2026-02-10,BOM CAVPRO 600 A 700 BLD/100 RPM 5000 A,UNIT,3,269,ELECTRA-NETWORK SUPPLY,35.53
98195E4C,2026-02-18,CBZL CIR 50000 LB 1-1/2 IN,UNIT,25,272,INDUSTRIAL GLOBAL SOLUTIONS,35.55
76D4C2F3,2026-02-18,CBZL CIR 52500 LB/FT 1-1/2 IN,UNIT,25,273,INDUSTRIAL GLOBAL SOLUTIONS,34.36
F6E6A08D,2026-02-13,2000 KVA POWER TRANSFORMER; 34.5 KV; 480-277V,UNIT,1,275,INDUSTRIAL GLOBAL SOLUTIONS,34.89
412952F2,2026-02-13,"167.5 KVA POWER TRANSFORMER, 34.5 KV/277 VOL, 60HZ",UNIT,3,275,INDUSTRIAL GLOBAL SOLUTIONS,34.4
9CFF77DD,2026-02-13,50 KVA TRANSFORMER RATIO 34500-227 (238Y) VOLTAGE,UNIT,3,275,ELECTRA-NETWORK SUPPLY,34.35
F6E6A08D,2026-03-04,2000 KVA POWER TRANSFORMER; 34.5 KV; 480-277V,UNIT,1,277,ELECTRA-NETWORK SUPPLY,34.41
92F861E5,2026-03-05,"FREQUENCY DRIVE OF 150 HP, 480V, 60 HZ, 180A, TYPE MFC 1000",UNIT,1,278,ELECTRA-NETWORK SUPPLY,2885.87
C33BCB51,2026-03-03,208/110 VAC 5 KVA UPS,UNIT,1,482,GENERAL SERVICES & LOGISTICS CO.,35.63
C19C5445,2026-03-08,"THREE-PHASE DISTRIBUTION TRANSFORMER SUBSTATION TYPE, 34.5/0.48-0.277KV,2000KVA",UNIT,1,279,GENERAL SERVICES & LOGISTICS CO.,34.6
2E9F49CC,2026-02-27,NORMAL EXTINGUISHERS,UNIT,19,479,GENERAL SERVICES & LOGISTICS CO.,35.7
04D1D82D,2026-02-27,FUSE HOLDERS FOR CABLE #16 EUROPEAN MODEL FTB,UNIT,500,479,ELECTRA-NETWORK SUPPLY,35.46
C725D9DD,2026-02-27,FUSELESS HOLDER FOR RAIL DIM CABLE NO 10 EUROPEAN MODEL,UNIT,90,479,ELECTRA-NETWORK SUPPLY,34.73
5AE70440,2026-02-27,250 AMP INDUSTRIAL BREAKER,UNIT,22,479,ELECTRA-NETWORK SUPPLY,34.79
E00E4490,2026-02-27,CONTROL CABLE CALIBER #18 AWG COLOR BLACK,METER,200,479,INDUSTRIAL GLOBAL SOLUTIONS,35.33
7F3BD1F4,2026-02-27,CONTROL CABLE CALIBER #18 AWG COLOR RED,METER,100,479,INDUSTRIAL GLOBAL SOLUTIONS,35.08
85D083AF,2026-02-27,POWER CABLE 3X3/0 AWG 600 V ALUMINUM ARMORED,METER,16150,479,INDUSTRIAL GLOBAL SOLUTIONS,35.27
233FFF51,2026-02-27,2X4 OUTLET BOXES,UNIT,65,479,GENERAL SERVICES & LOGISTICS CO.,34.66
EF8CB270,2026-02-27,ALUMINIZED ADHESIVE TAPE,ROLL,32,479,GENERAL SERVICES & LOGISTICS CO.,34.48
ACC645F9,2026-02-27,"MAYER HUB 1""",UNIT,30,479,GENERAL SERVICES & LOGISTICS CO.,35.13
871DD926,2026-02-27,"MAYER HUB OF 1/2""",UNIT,60,479,GENERAL SERVICES & LOGISTICS CO.,34.59
D3223145,2026-02-27,"MAYER HUB OF 3/4""",UNIT,110,479,INDUSTRIAL GLOBAL SOLUTIONS,34.45
DA7F1FCA,2026-02-27,SMOKE DETECTOR,UNIT,3,479,INDUSTRIAL GLOBAL SOLUTIONS,34.62
99C54687,2026-02-27,LARGE EXTRACTOR,UNIT,1,479,INDUSTRIAL GLOBAL SOLUTIONS,35.42
8B66F52D,2026-02-27,PHOTO CELL WITH BASE,UNIT,11,479,GENERAL SERVICES & LOGISTICS CO.,35.65
8D9C2124,2026-02-27,MECHANICAL CAT FOR DOOR,UNIT,1,479,GENERAL SERVICES & LOGISTICS CO.,34.76
A16E49E7,2026-02-27,"TEFLON OF 3/4""",ROLL,50,479,GENERAL SERVICES & LOGISTICS CO.,35.67
1D32909A,2026-02-27,TERMINAL FORK TYPE NUMBER 14,UNIT,250,479,ELECTRA-NETWORK SUPPLY,13.19
91B46B09,2026-02-27,TERMINAL TYPE CLAMP FOR 12-10 AWG CABLE,UNIT,200,479,GENERAL SERVICES & LOGISTICS CO.,13.22
671426C0,2026-02-27,CURRENT INTAKE WITH LID,UNIT,41,479,INDUSTRIAL GLOBAL SOLUTIONS,34.56
568F3064,2026-03-09,"SLEEPER TRAILER. MEASURES LENGTH 12M, WIDTH 3M, HEIGHT 2.3M, WALLS TYPE PANEL WITH METAL STRUCTURE OF 2X1 1/2 CAL 18 TUBE, WITH POLYURETHANE BASE PAINT FINISH WHITE COLOR UV RESISTANT AND COMPLETELY WATERPROOF",UNIT,1,280,INDUSTRIAL GLOBAL SOLUTIONS,34.83
698D391C,2026-03-09,"18,000 BTU/HR AIR CONDITIONER CAPACITY, HERMETIC COMPRESSOR TYPE, 1 COMPRESSOR, 230/1 PHASE / 60HZ MOTOR VOLTAGE",UNIT,2,280,ELECTRA-NETWORK SUPPLY,35.44
31A41311,2026-03-09,"LOCKER TYPE CABINET, STEEL MATERIAL LAMINATED HEIGHT 1.85M, WIDTH 0.44M, DEPTH 0.5M",UNIT,4,280,GENERAL SERVICES & LOGISTICS CO.,35.49
C163D569,2026-03-09,"INDIVIDUAL SHEETS, PERMALINA MATERIAL 100% COTTON, BEIGE COLOR",UNIT,8,280,ELECTRA-NETWORK SUPPLY,34.66
BB2487D9,2026-03-09,QUILTED INDIVIDUAL BLANKET 200 THREADS 50% COTTON 50% POLYESTER ONE SIDE SOLID COLOR AND OTHERS PRINTED,UNIT,8,280,INDUSTRIAL GLOBAL SOLUTIONS,34.84
D4C87B0A,2026-03-09,ANTI-ALLERGIC COTTON MATERIAL PILLOW WHITE COLOR FOR INDUSTRIAL CLINIC USE STANDARD DIMENSIONS,UNIT,8,280,INDUSTRIAL GLOBAL SOLUTIONS,34.34
C5057C0A,2026-03-09,METAL BUNK BED WITH CENTRAL METAL FRAMES AND SUPPORTS HIGH STRENGTH STEEL,UNIT,4,280,INDUSTRIAL GLOBAL SOLUTIONS,34.63
CA7AEB38,2026-03-09,"42"" TV ANDROID SYSTEM THAT ALLOWS ACCESS TO ALL OF GOOGLE PLAY APPLICATION CATALOG",UNIT,2,280,ELECTRA-NETWORK SUPPLY,35.4
20269E32,2026-03-10,"FREQUENCY DRIVE (VDF) VOLTAGE 480, POWER 150HP",UNIT,5,281,GENERAL SERVICES & LOGISTICS CO.,2809.49
557108A7,2026-03-10,"FREQUENCY DRIVE (VDF) VOLTAGE 480, POWER 100HP",UNIT,15,281,INDUSTRIAL GLOBAL SOLUTIONS,2882.58
E40493BA,2026-03-23,12 VDC- 7 AH BATTERY,UNIT,20,283,INDUSTRIAL GLOBAL SOLUTIONS,326.33
73B3EFFC,2026-03-23,12 VDC 100 AH BATTERY,UNIT,5,283,INDUSTRIAL GLOBAL SOLUTIONS,318.82
